"createdAt","updatedAt","itemId","addonId"
"2023-09-26 06:23:20","2023-09-26 06:23:20","2","1"
"2023-09-26 06:28:24","2023-09-26 06:28:24","3","1"
"2024-02-28 09:04:28","2024-02-28 09:04:28","12","15"
"2024-02-28 09:04:28","2024-02-28 09:04:28","12","75"
"2024-04-09 13:28:51","2024-04-09 13:28:51","18","13"
"2024-04-09 13:28:51","2024-04-09 13:28:51","18","75"
"2024-04-09 13:18:10","2024-04-09 13:18:10","31","12"
"2024-04-09 13:18:10","2024-04-09 13:18:10","31","75"
"2023-10-09 14:51:53","2023-10-09 14:51:53","42","41"
"2023-10-09 14:52:49","2023-10-09 14:52:49","43","40"
"2023-10-09 14:53:45","2023-10-09 14:53:45","44","41"
"2023-10-09 14:55:09","2023-10-09 14:55:09","45","41"
"2023-10-09 14:56:09","2023-10-09 14:56:09","46","40"
"2023-10-09 14:57:16","2023-10-09 14:57:16","47","40"
"2023-10-09 14:58:39","2023-10-09 14:58:39","48","41"
"2023-10-09 14:59:54","2023-10-09 14:59:54","49","41"
"2023-10-10 07:25:37","2023-10-10 07:25:37","54","41"
"2023-10-10 07:32:37","2023-10-10 07:32:37","57","42"
"2024-06-11 16:27:38","2024-06-11 16:27:38","73","5602"
"2024-01-18 20:33:28","2024-01-18 20:33:28","284","308"
"2023-11-27 22:51:21","2023-11-27 22:51:21","294","64"
"2023-11-27 22:51:22","2023-11-27 22:51:22","294","67"
"2023-11-27 22:51:22","2023-11-27 22:51:22","294","68"
"2023-12-06 16:52:29","2023-12-06 16:52:29","363","364"
"2024-04-04 10:38:12","2024-04-04 10:38:12","445","502"
"2024-04-04 10:38:12","2024-04-04 10:38:12","445","526"
"2024-01-24 20:10:28","2024-01-24 20:10:28","1186","1191"
"2024-01-24 20:10:28","2024-01-24 20:10:28","1186","1194"
"2024-01-24 20:11:14","2024-01-24 20:11:14","1191","1186"
"2024-01-24 20:11:14","2024-01-24 20:11:14","1191","1187"
"2024-01-24 20:11:14","2024-01-24 20:11:14","1191","1193"
"2024-03-14 01:05:48","2024-03-14 01:05:48","1195","1197"
"2024-03-14 01:12:05","2024-03-14 01:12:05","1197","1196"
"2024-03-14 01:12:05","2024-03-14 01:12:05","1197","1199"
"2024-03-14 01:12:05","2024-03-14 01:12:05","1197","1200"
"2024-03-14 01:12:05","2024-03-14 01:12:05","1197","1201"
"2024-02-23 17:16:57","2024-02-23 17:16:57","1199","1197"
"2024-02-23 17:16:57","2024-02-23 17:16:57","1199","1200"
"2024-03-20 00:56:55","2024-03-20 00:56:55","1200","1197"
"2024-03-20 00:58:05","2024-03-20 00:58:05","1201","1197"
"2024-03-20 00:59:10","2024-03-20 00:59:10","1202","1197"
"2024-03-14 01:07:00","2024-03-14 01:07:00","1203","1260"
"2024-03-14 01:07:34","2024-03-14 01:07:34","1204","1242"
"2024-03-20 01:00:09","2024-03-20 01:00:09","1205","1195"
"2024-03-20 01:00:09","2024-03-20 01:00:09","1205","1197"
"2024-01-25 22:08:05","2024-01-25 22:08:05","1219","1216"
"2024-02-23 17:21:53","2024-02-23 17:21:53","1348","1268"
"2024-02-23 17:21:53","2024-02-23 17:21:53","1348","1269"
"2024-02-07 20:13:44","2024-02-07 20:13:44","1476","1470"
"2024-02-07 20:13:44","2024-02-07 20:13:44","1476","1471"
"2024-02-07 20:13:44","2024-02-07 20:13:44","1476","1472"
"2024-02-07 20:13:44","2024-02-07 20:13:44","1476","1473"
"2024-02-07 20:13:45","2024-02-07 20:13:45","1476","1474"
"2024-02-07 20:13:45","2024-02-07 20:13:45","1476","1475"
"2024-03-27 10:56:43","2024-03-27 10:56:43","1578","8"
"2024-03-27 10:56:43","2024-03-27 10:56:43","1578","11"
"2024-02-23 11:54:19","2024-02-23 11:54:19","1637","1642"
"2024-02-23 11:54:19","2024-02-23 11:54:19","1637","1649"
"2024-04-04 15:17:33","2024-04-04 15:17:33","4072","4070"
"2024-04-04 15:17:32","2024-04-04 15:17:32","4072","4071"
"2024-05-02 20:04:11","2024-05-02 20:04:11","4074","3628"
"2024-05-02 20:04:11","2024-05-02 20:04:11","4074","3629"
"2024-04-27 11:02:33","2024-04-27 11:02:33","4891","4055"
"2024-05-23 20:38:31","2024-05-23 20:38:31","5019","5017"
"2024-05-10 09:37:47","2024-05-10 09:37:47","5038","3779"
"2024-05-19 09:08:00","2024-05-19 09:08:00","5558","773"
"2024-05-19 09:15:26","2024-05-19 09:15:26","5559","894"
"2024-07-17 09:25:02","2024-07-17 09:25:02","5641","5640"
"2024-07-17 09:25:14","2024-07-17 09:25:14","5642","5638"
"2024-05-24 08:10:45","2024-05-24 08:10:45","5751","5749"
"2024-05-26 18:22:53","2024-05-26 18:22:53","6741","5749"
"2024-05-26 18:22:53","2024-05-26 18:22:53","6741","5751"
"2024-05-26 18:58:39","2024-05-26 18:58:39","6742","5749"
"2024-05-26 18:58:39","2024-05-26 18:58:39","6742","6741"
"2024-08-16 08:54:25","2024-08-16 08:54:25","10687","10872"
"2024-08-16 09:01:16","2024-08-16 09:01:16","10979","10811"
"2024-09-02 10:31:53","2024-09-02 10:31:53","11172","67"
"2024-09-04 15:42:46","2024-09-04 15:42:46","11249","63"
"2024-09-04 15:42:46","2024-09-04 15:42:46","11249","4061"
"2024-09-10 09:59:03","2024-09-10 09:59:03","11725","7105"
"2024-09-10 09:59:03","2024-09-10 09:59:03","11725","7106"
"2024-09-13 15:18:03","2024-09-13 15:18:03","11726","4070"
"2024-09-13 15:18:03","2024-09-13 15:18:03","11726","4071"
"2024-10-06 14:36:26","2024-10-06 14:36:26","12044","12260"
"2024-10-03 14:49:13","2024-10-03 14:49:13","13427","12044"
"2024-10-10 01:10:04","2024-10-10 01:10:04","13456","13389"
"2024-10-10 01:10:04","2024-10-10 01:10:04","13456","13390"
