"createdAt","updatedAt","itemId","categoryId"
"2023-09-26 17:36:39","2023-09-26 17:36:39","5","3"
"2023-09-27 05:23:48","2023-09-27 05:23:48","10","6"
"2023-09-27 05:24:27","2023-09-27 05:24:27","11","6"
"2023-09-30 15:50:37","2023-09-30 15:50:37","29","8"
"2023-09-30 15:51:43","2023-09-30 15:51:43","30","8"
"2023-10-09 18:33:26","2023-10-09 18:33:26","51","10"
"2023-10-10 11:15:16","2023-10-10 11:15:16","67","14"
"2023-10-10 11:15:53","2023-10-10 11:15:53","68","14"
"2023-10-17 08:18:12","2023-10-17 08:18:12","69","15"
"2023-10-17 08:19:30","2023-10-17 08:19:30","70","15"
"2023-10-17 08:20:27","2023-10-17 08:20:27","71","15"
"2023-10-17 08:21:10","2023-10-17 08:21:10","72","15"
"2023-10-17 08:30:55","2023-10-17 08:30:55","73","16"
"2023-10-17 08:32:28","2023-10-17 08:32:28","74","16"
"2023-11-08 21:28:03","2023-11-08 21:28:03","76","17"
"2023-11-08 21:28:26","2023-11-08 21:28:26","77","17"
"2023-11-08 21:28:49","2023-11-08 21:28:49","78","17"
"2023-11-08 21:29:07","2023-11-08 21:29:07","79","17"
"2023-11-08 21:29:23","2023-11-08 21:29:23","80","17"
"2023-11-08 21:29:44","2023-11-08 21:29:44","81","18"
"2023-11-08 21:30:18","2023-11-08 21:30:18","82","18"
"2023-11-08 21:30:44","2023-11-08 21:30:44","83","18"
"2023-11-08 21:31:08","2023-11-08 21:31:08","84","18"
"2023-11-08 21:31:22","2023-11-08 21:31:22","85","18"
"2023-11-08 21:31:44","2023-11-08 21:31:44","86","19"
"2023-11-08 21:32:04","2023-11-08 21:32:04","87","19"
"2023-11-08 21:32:22","2023-11-08 21:32:22","88","19"
"2023-11-08 21:32:39","2023-11-08 21:32:39","89","19"
"2023-11-08 22:01:14","2023-11-08 22:01:14","90","19"
"2023-11-08 22:02:56","2023-11-08 22:02:56","91","20"
"2023-11-08 22:03:15","2023-11-08 22:03:15","92","20"
"2023-11-08 22:03:34","2023-11-08 22:03:34","93","20"
"2023-11-08 22:03:43","2023-11-08 22:03:43","94","20"
"2023-11-08 22:03:53","2023-11-08 22:03:53","95","20"
"2023-11-08 22:04:03","2023-11-08 22:04:03","96","20"
"2023-11-08 22:04:12","2023-11-08 22:04:12","97","20"
"2023-11-08 22:04:27","2023-11-08 22:04:27","98","20"
"2023-11-08 22:04:44","2023-11-08 22:04:44","99","20"
"2023-11-08 22:04:59","2023-11-08 22:04:59","100","20"
"2023-11-08 22:05:11","2023-11-08 22:05:11","101","20"
"2023-11-08 22:05:23","2023-11-08 22:05:23","102","20"
"2023-11-08 22:05:50","2023-11-08 22:05:50","103","20"
"2023-11-08 22:06:40","2023-11-08 22:06:40","104","21"
"2023-11-08 22:06:50","2023-11-08 22:06:50","105","21"
"2023-11-08 22:07:00","2023-11-08 22:07:00","106","21"
"2023-11-08 22:07:18","2023-11-08 22:07:18","107","22"
"2023-11-08 22:08:14","2023-11-08 22:08:14","108","22"
"2023-11-08 22:08:46","2023-11-08 22:08:46","109","23"
"2023-11-08 22:08:58","2023-11-08 22:08:58","110","23"
"2023-11-08 22:09:07","2023-11-08 22:09:07","111","23"
"2023-11-08 22:09:37","2023-11-08 22:09:37","112","23"
"2023-11-08 22:09:45","2023-11-08 22:09:45","113","23"
"2023-11-08 22:09:57","2023-11-08 22:09:57","114","23"
"2023-11-08 22:10:03","2023-11-08 22:10:03","115","23"
"2023-11-08 22:10:13","2023-11-08 22:10:13","116","24"
"2023-11-08 22:10:24","2023-11-08 22:10:24","117","24"
"2023-11-08 22:10:35","2023-11-08 22:10:35","118","24"
"2023-11-08 22:10:45","2023-11-08 22:10:45","119","24"
"2023-11-08 22:11:15","2023-11-08 22:11:15","120","24"
"2023-11-08 22:11:22","2023-11-08 22:11:22","121","24"
"2023-11-08 22:11:41","2023-11-08 22:11:41","122","25"
"2023-11-08 22:11:48","2023-11-08 22:11:48","123","25"
"2023-11-08 22:11:57","2023-11-08 22:11:57","124","25"
"2023-11-08 22:12:07","2023-11-08 22:12:07","125","25"
"2023-11-08 22:12:16","2023-11-08 22:12:16","126","25"
"2023-11-08 22:12:26","2023-11-08 22:12:26","127","25"
"2023-11-08 22:12:32","2023-11-08 22:12:32","128","25"
"2023-11-08 22:31:29","2023-11-08 22:31:29","204","27"
"2023-11-08 22:31:41","2023-11-08 22:31:41","205","27"
"2023-11-08 22:32:16","2023-11-08 22:32:16","206","27"
"2023-11-08 22:32:25","2023-11-08 22:32:25","207","27"
"2023-11-08 22:32:35","2023-11-08 22:32:35","208","27"
"2023-11-08 22:32:46","2023-11-08 22:32:46","209","27"
"2023-11-08 22:32:56","2023-11-08 22:32:56","210","27"
"2023-11-08 22:33:15","2023-11-08 22:33:15","211","27"
"2023-11-08 22:33:26","2023-11-08 22:33:26","212","27"
"2023-11-08 22:33:41","2023-11-08 22:33:41","213","27"
"2023-11-08 22:33:52","2023-11-08 22:33:52","214","27"
"2023-11-08 22:34:02","2023-11-08 22:34:02","215","27"
"2023-11-08 22:34:10","2023-11-08 22:34:10","216","27"
"2023-11-09 21:37:50","2023-11-09 21:37:50","217","27"
"2023-11-09 21:38:08","2023-11-09 21:38:08","218","27"
"2023-11-09 22:11:20","2023-11-09 22:11:20","219","24"
"2023-11-18 19:19:49","2023-11-18 19:19:49","221","28"
"2023-11-18 19:22:12","2023-11-18 19:22:12","222","28"
"2023-11-18 19:24:39","2023-11-18 19:24:39","223","28"
"2023-11-18 19:26:15","2023-11-18 19:26:15","224","28"
"2023-11-18 19:27:31","2023-11-18 19:27:31","225","28"
"2023-11-18 19:34:14","2023-11-18 19:34:14","226","28"
"2023-11-18 19:36:12","2023-11-18 19:36:12","227","28"
"2023-11-18 19:37:35","2023-11-18 19:37:35","228","28"
"2023-11-18 19:38:36","2023-11-18 19:38:36","229","28"
"2023-11-18 19:39:05","2023-11-18 19:39:05","230","28"
"2023-11-18 19:39:52","2023-11-18 19:39:52","231","28"
"2023-11-18 19:40:30","2023-11-18 19:40:30","232","28"
"2023-11-18 19:43:15","2023-11-18 19:43:15","233","29"
"2023-11-18 19:44:14","2023-11-18 19:44:14","234","29"
"2023-11-18 19:45:10","2023-11-18 19:45:10","235","29"
"2023-11-18 19:45:53","2023-11-18 19:45:53","236","29"
"2023-11-18 19:46:33","2023-11-18 19:46:33","237","29"
"2023-11-18 19:47:22","2023-11-18 19:47:22","238","29"
"2023-11-18 19:48:47","2023-11-18 19:48:47","239","29"
"2023-11-18 19:49:37","2023-11-18 19:49:37","240","29"
"2023-11-18 19:51:02","2023-11-18 19:51:02","241","29"
"2023-11-18 19:51:54","2023-11-18 19:51:54","242","29"
"2023-11-18 19:53:37","2023-11-18 19:53:37","243","29"
"2023-11-18 19:56:40","2023-11-18 19:56:40","244","29"
"2023-11-18 19:57:42","2023-11-18 19:57:42","245","29"
"2023-11-18 20:13:59","2023-11-18 20:13:59","246","29"
"2023-11-18 20:14:49","2023-11-18 20:14:49","247","29"
"2023-11-18 20:16:54","2023-11-18 20:16:54","248","29"
"2023-11-18 20:17:37","2023-11-18 20:17:37","249","29"
"2023-11-18 20:19:06","2023-11-18 20:19:06","250","29"
"2023-11-18 20:20:10","2023-11-18 20:20:10","251","29"
"2023-11-18 20:21:31","2023-11-18 20:21:31","252","29"
"2023-11-18 20:22:15","2023-11-18 20:22:15","253","29"
"2023-11-18 20:23:53","2023-11-18 20:23:53","254","29"
"2023-11-18 20:24:58","2023-11-18 20:24:58","255","29"
"2023-11-18 20:27:10","2023-11-18 20:27:10","256","30"
"2023-11-18 20:28:24","2023-11-18 20:28:24","257","30"
"2023-11-18 20:30:32","2023-11-18 20:30:32","258","30"
"2023-11-18 20:32:24","2023-11-18 20:32:24","259","30"
"2023-11-18 20:34:03","2023-11-18 20:34:03","260","30"
"2023-11-18 20:35:54","2023-11-18 20:35:54","261","30"
"2023-11-18 20:38:22","2023-11-18 20:38:22","262","30"
"2023-11-19 10:33:11","2023-11-19 10:33:11","263","30"
"2023-11-19 10:35:06","2023-11-19 10:35:06","264","30"
"2023-11-19 10:36:32","2023-11-19 10:36:32","265","31"
"2023-11-19 10:37:28","2023-11-19 10:37:28","266","31"
"2023-11-19 10:38:40","2023-11-19 10:38:40","267","31"
"2023-11-19 10:40:15","2023-11-19 10:40:15","268","31"
"2023-11-19 10:41:39","2023-11-19 10:41:39","269","31"
"2023-11-19 10:42:42","2023-11-19 10:42:42","270","32"
"2023-11-19 10:43:30","2023-11-19 10:43:30","271","32"
"2023-11-19 10:44:35","2023-11-19 10:44:35","272","32"
"2023-11-19 10:44:59","2023-11-19 10:44:59","273","32"
"2023-11-21 22:57:45","2023-11-21 22:57:45","278","38"
"2023-11-21 23:01:26","2023-11-21 23:01:26","284","41"
"2023-11-21 23:01:40","2023-11-21 23:01:40","285","41"
"2023-11-21 23:01:52","2023-11-21 23:01:52","286","41"
"2023-11-21 23:02:04","2023-11-21 23:02:04","287","41"
"2023-11-21 23:02:39","2023-11-21 23:02:39","288","39"
"2023-11-21 23:02:56","2023-11-21 23:02:56","289","39"
"2023-11-21 23:03:19","2023-11-21 23:03:19","290","39"
"2023-11-21 23:03:47","2023-11-21 23:03:47","291","42"
"2023-11-27 22:50:18","2023-11-27 22:50:18","294","44"
"2023-12-01 19:04:09","2023-12-01 19:04:09","295","50"
"2023-12-01 19:05:25","2023-12-01 19:05:25","296","51"
"2023-12-02 20:57:13","2023-12-02 20:57:13","356","39"
"2023-12-02 20:57:26","2023-12-02 20:57:26","357","39"
"2023-12-02 20:57:49","2023-12-02 20:57:49","358","39"
"2023-12-02 20:58:08","2023-12-02 20:58:08","359","39"
"2023-12-02 20:58:18","2023-12-02 20:58:18","360","39"
"2023-12-02 20:58:43","2023-12-02 20:58:43","361","39"
"2023-12-02 20:58:52","2023-12-02 20:58:52","362","39"
"2023-12-16 12:22:52","2023-12-16 12:22:52","541","42"
"2023-12-16 12:23:57","2023-12-16 12:23:57","542","42"
"2023-12-16 12:24:31","2023-12-16 12:24:31","543","42"
"2023-12-16 12:24:38","2023-12-16 12:24:38","544","42"
"2023-12-16 12:24:51","2023-12-16 12:24:51","545","42"
"2023-12-16 12:24:58","2023-12-16 12:24:58","546","42"
"2023-12-16 15:47:16","2023-12-16 15:47:16","573","33"
"2023-12-16 15:48:06","2023-12-16 15:48:06","574","33"
"2023-12-16 15:48:49","2023-12-16 15:48:49","575","33"
"2023-12-16 15:49:09","2023-12-16 15:49:09","576","33"
"2023-12-16 15:49:42","2023-12-16 15:49:42","577","34"
"2023-12-16 15:50:19","2023-12-16 15:50:19","578","34"
"2023-12-18 12:03:50","2023-12-18 12:03:50","579","35"
"2023-12-18 12:04:09","2023-12-18 12:04:09","580","35"
"2023-12-18 12:04:24","2023-12-18 12:04:24","581","35"
"2023-12-18 12:04:44","2023-12-18 12:04:44","582","35"
"2023-12-18 12:05:04","2023-12-18 12:05:04","583","35"
"2023-12-18 12:05:15","2023-12-18 12:05:15","584","35"
"2023-12-18 12:05:26","2023-12-18 12:05:26","585","35"
"2023-12-18 12:05:41","2023-12-18 12:05:41","586","35"
"2023-12-18 12:05:46","2023-12-18 12:05:46","587","35"
"2023-12-18 12:06:13","2023-12-18 12:06:13","588","35"
"2023-12-18 12:06:29","2023-12-18 12:06:29","589","35"
"2023-12-18 12:06:44","2023-12-18 12:06:44","590","35"
"2023-12-18 12:07:16","2023-12-18 12:07:16","591","35"
"2023-12-18 12:07:31","2023-12-18 12:07:31","592","35"
"2023-12-18 12:07:38","2023-12-18 12:07:38","593","35"
"2023-12-18 12:08:14","2023-12-18 12:08:14","594","37"
"2023-12-18 12:08:31","2023-12-18 12:08:31","595","37"
"2023-12-18 12:08:44","2023-12-18 12:08:44","596","37"
"2023-12-18 12:08:59","2023-12-18 12:08:59","597","37"
"2023-12-18 12:09:05","2023-12-18 12:09:05","598","37"
"2023-12-18 12:09:14","2023-12-18 12:09:14","599","37"
"2023-12-18 12:09:26","2023-12-18 12:09:26","600","37"
"2023-12-18 12:09:37","2023-12-18 12:09:37","601","37"
"2023-12-18 12:09:49","2023-12-18 12:09:49","602","37"
"2023-12-18 12:09:56","2023-12-18 12:09:56","603","37"
"2023-12-18 12:10:06","2023-12-18 12:10:06","604","37"
"2023-12-18 12:10:20","2023-12-18 12:10:20","605","37"
"2023-12-18 12:10:28","2023-12-18 12:10:28","606","37"
"2023-12-18 12:10:37","2023-12-18 12:10:37","607","37"
"2023-12-18 12:10:47","2023-12-18 12:10:47","608","37"
"2023-12-18 12:10:54","2023-12-18 12:10:54","609","37"
"2023-12-18 12:11:07","2023-12-18 12:11:07","610","37"
"2023-12-18 12:11:17","2023-12-18 12:11:17","611","37"
"2023-12-18 12:11:29","2023-12-18 12:11:29","612","37"
"2023-12-18 12:11:57","2023-12-18 12:11:57","613","36"
"2023-12-18 12:12:16","2023-12-18 12:12:16","614","36"
"2023-12-18 12:12:25","2023-12-18 12:12:25","615","36"
"2023-12-19 22:34:19","2023-12-19 22:34:19","664","58"
"2023-12-19 22:34:35","2023-12-19 22:34:35","665","58"
"2023-12-19 22:34:56","2023-12-19 22:34:56","666","58"
"2023-12-19 22:35:06","2023-12-19 22:35:06","667","58"
"2023-12-19 22:35:27","2023-12-19 22:35:27","668","58"
"2023-12-19 22:36:01","2023-12-19 22:36:01","669","58"
"2023-12-19 22:36:26","2023-12-19 22:36:26","670","58"
"2023-12-19 22:37:09","2023-12-19 22:37:09","671","58"
"2023-12-19 22:38:32","2023-12-19 22:38:32","672","58"
"2023-12-19 22:38:58","2023-12-19 22:38:58","673","58"
"2023-12-19 22:39:10","2023-12-19 22:39:10","674","58"
"2023-12-19 22:39:56","2023-12-19 22:39:56","675","58"
"2023-12-19 22:40:08","2023-12-19 22:40:08","676","58"
"2023-12-19 22:40:44","2023-12-19 22:40:44","677","58"
"2023-12-19 22:40:59","2023-12-19 22:40:59","678","58"
"2023-12-19 22:41:15","2023-12-19 22:41:15","679","58"
"2023-12-19 22:41:56","2023-12-19 22:41:56","680","58"
"2023-12-19 22:42:29","2023-12-19 22:42:29","681","58"
"2023-12-19 22:42:41","2023-12-19 22:42:41","682","58"
"2023-12-19 22:43:06","2023-12-19 22:43:06","683","58"
"2023-12-19 22:43:48","2023-12-19 22:43:48","684","58"
"2023-12-19 22:44:05","2023-12-19 22:44:05","685","58"
"2023-12-19 22:45:24","2023-12-19 22:45:24","686","57"
"2023-12-19 22:45:34","2023-12-19 22:45:34","687","57"
"2023-12-19 22:46:29","2023-12-19 22:46:29","688","57"
"2023-12-19 22:46:58","2023-12-19 22:46:58","689","57"
"2023-12-19 22:47:28","2023-12-19 22:47:28","690","57"
"2023-12-19 22:47:39","2023-12-19 22:47:39","691","57"
"2023-12-19 22:48:05","2023-12-19 22:48:05","692","57"
"2023-12-19 22:48:31","2023-12-19 22:48:31","693","57"
"2023-12-19 22:48:48","2023-12-19 22:48:48","694","57"
"2023-12-19 22:49:25","2023-12-19 22:49:25","695","57"
"2023-12-19 22:49:57","2023-12-19 22:49:57","696","57"
"2023-12-19 22:50:19","2023-12-19 22:50:19","697","57"
"2023-12-19 22:50:35","2023-12-19 22:50:35","698","57"
"2023-12-19 22:51:52","2023-12-19 22:51:52","699","57"
"2023-12-19 22:52:12","2023-12-19 22:52:12","700","57"
"2023-12-19 22:52:44","2023-12-19 22:52:44","701","57"
"2023-12-19 22:52:58","2023-12-19 22:52:58","702","57"
"2023-12-19 22:53:29","2023-12-19 22:53:29","703","57"
"2023-12-19 22:53:42","2023-12-19 22:53:42","704","57"
"2023-12-19 22:54:49","2023-12-19 22:54:49","705","60"
"2023-12-19 22:55:03","2023-12-19 22:55:03","706","60"
"2023-12-19 22:55:25","2023-12-19 22:55:25","707","60"
"2023-12-19 22:56:35","2023-12-19 22:56:35","708","60"
"2023-12-19 22:56:46","2023-12-19 22:56:46","709","60"
"2023-12-19 22:57:11","2023-12-19 22:57:11","710","60"
"2023-12-19 22:57:49","2023-12-19 22:57:49","711","61"
"2023-12-19 22:57:57","2023-12-19 22:57:57","712","61"
"2023-12-19 22:58:14","2023-12-19 22:58:14","713","61"
"2023-12-19 22:58:23","2023-12-19 22:58:23","714","61"
"2023-12-19 22:59:33","2023-12-19 22:59:33","715","62"
"2023-12-19 22:59:45","2023-12-19 22:59:45","716","62"
"2023-12-19 22:59:57","2023-12-19 22:59:57","717","62"
"2023-12-19 23:01:47","2023-12-19 23:01:47","718","56"
"2023-12-19 23:02:11","2023-12-19 23:02:11","719","56"
"2023-12-19 23:02:35","2023-12-19 23:02:35","720","56"
"2023-12-19 23:02:49","2023-12-19 23:02:49","721","56"
"2023-12-19 23:03:03","2023-12-19 23:03:03","722","56"
"2023-12-19 23:03:28","2023-12-19 23:03:28","723","56"
"2023-12-19 23:03:42","2023-12-19 23:03:42","724","56"
"2023-12-19 23:17:12","2023-12-19 23:17:12","739","63"
"2023-12-19 23:17:28","2023-12-19 23:17:28","740","63"
"2023-12-19 23:17:56","2023-12-19 23:17:56","741","63"
"2023-12-19 23:18:17","2023-12-19 23:18:17","742","63"
"2023-12-19 23:44:59","2023-12-19 23:44:59","750","60"
"2023-12-25 06:02:28","2023-12-25 06:02:28","851","72"
"2023-12-27 06:53:04","2023-12-27 06:53:04","999","75"
"2023-12-27 06:53:59","2023-12-27 06:53:59","1000","75"
"2023-12-28 11:45:52","2023-12-28 11:45:52","1060","77"
"2023-12-28 12:16:58","2023-12-28 12:16:58","1061","77"
"2023-12-28 12:17:19","2023-12-28 12:17:19","1062","77"
"2023-12-28 12:17:42","2023-12-28 12:17:42","1063","77"
"2023-12-28 12:18:01","2023-12-28 12:18:01","1064","77"
"2023-12-28 12:18:13","2023-12-28 12:18:13","1065","78"
"2023-12-28 12:18:31","2023-12-28 12:18:31","1066","78"
"2023-12-28 12:18:41","2023-12-28 12:18:41","1067","78"
"2023-12-28 12:19:09","2023-12-28 12:19:09","1068","78"
"2023-12-28 12:19:20","2023-12-28 12:19:20","1069","78"
"2023-12-28 12:19:38","2023-12-28 12:19:38","1070","79"
"2023-12-28 12:19:50","2023-12-28 12:19:50","1071","79"
"2023-12-28 12:20:02","2023-12-28 12:20:02","1072","79"
"2023-12-28 12:20:12","2023-12-28 12:20:12","1073","79"
"2023-12-28 12:20:33","2023-12-28 12:20:33","1074","79"
"2023-12-28 12:20:44","2023-12-28 12:20:44","1075","79"
"2023-12-28 12:21:01","2023-12-28 12:21:01","1076","80"
"2023-12-28 12:21:19","2023-12-28 12:21:19","1077","80"
"2023-12-28 12:21:37","2023-12-28 12:21:37","1078","80"
"2023-12-28 12:21:53","2023-12-28 12:21:53","1079","80"
"2023-12-28 12:22:06","2023-12-28 12:22:06","1080","80"
"2023-12-28 12:22:20","2023-12-28 12:22:20","1081","80"
"2023-12-28 12:22:38","2023-12-28 12:22:38","1082","80"
"2023-12-28 12:23:00","2023-12-28 12:23:00","1083","80"
"2023-12-28 12:23:17","2023-12-28 12:23:17","1084","80"
"2023-12-28 12:23:37","2023-12-28 12:23:37","1085","81"
"2023-12-28 12:23:48","2023-12-28 12:23:48","1086","81"
"2023-12-28 12:24:42","2023-12-28 12:24:42","1087","81"
"2023-12-28 12:25:00","2023-12-28 12:25:00","1088","81"
"2023-12-30 21:46:26","2023-12-30 21:46:26","1089","83"
"2023-12-30 21:51:23","2023-12-30 21:51:23","1090","83"
"2024-01-05 21:39:36","2024-01-05 21:39:36","1130","84"
"2024-01-05 21:40:06","2024-01-05 21:40:06","1131","84"
"2024-01-05 21:41:10","2024-01-05 21:41:10","1132","84"
"2024-01-05 21:41:30","2024-01-05 21:41:30","1133","84"
"2024-01-05 21:41:47","2024-01-05 21:41:47","1134","84"
"2024-01-05 21:42:04","2024-01-05 21:42:04","1135","84"
"2024-01-05 21:42:21","2024-01-05 21:42:21","1136","84"
"2024-01-05 21:43:52","2024-01-05 21:43:52","1137","84"
"2024-01-05 21:44:25","2024-01-05 21:44:25","1138","84"
"2024-01-05 21:44:59","2024-01-05 21:44:59","1139","84"
"2024-01-05 21:48:35","2024-01-05 21:48:35","1140","84"
"2024-01-05 21:53:44","2024-01-05 21:53:44","1141","84"
"2024-01-05 21:53:55","2024-01-05 21:53:55","1142","84"
"2024-01-05 21:54:31","2024-01-05 21:54:31","1143","84"
"2024-01-16 21:17:44","2024-01-16 21:17:44","1144","85"
"2024-01-16 21:17:51","2024-01-16 21:17:51","1145","85"
"2024-01-17 10:39:34","2024-01-17 10:39:34","1146","86"
"2024-01-18 18:34:15","2024-01-18 18:34:15","1147","87"
"2024-01-19 18:04:04","2024-01-19 18:04:04","1148","88"
"2024-01-19 18:07:15","2024-01-19 18:07:15","1149","90"
"2024-01-25 18:29:20","2024-01-25 18:29:20","1195","94"
"2024-01-25 18:29:40","2024-01-25 18:29:40","1196","94"
"2024-01-25 18:29:57","2024-01-25 18:29:57","1197","94"
"2024-01-25 18:30:58","2024-01-25 18:30:58","1198","94"
"2024-01-25 18:31:18","2024-01-25 18:31:18","1199","94"
"2024-01-25 18:31:45","2024-01-25 18:31:45","1200","94"
"2024-01-25 18:32:08","2024-01-25 18:32:08","1201","94"
"2024-01-25 18:35:34","2024-01-25 18:35:34","1202","94"
"2024-01-25 18:36:23","2024-01-25 18:36:23","1203","95"
"2024-01-25 18:37:08","2024-01-25 18:37:08","1204","95"
"2024-01-25 18:38:09","2024-01-25 18:38:09","1205","96"
"2024-01-25 18:38:48","2024-01-25 18:38:48","1206","96"
"2024-01-25 18:39:10","2024-01-25 18:39:10","1207","96"
"2024-01-25 18:39:45","2024-01-25 18:39:45","1208","96"
"2024-01-25 18:40:17","2024-01-25 18:40:17","1209","96"
"2024-01-25 18:40:33","2024-01-25 18:40:33","1210","96"
"2024-01-25 18:40:47","2024-01-25 18:40:47","1211","96"
"2024-01-25 18:41:05","2024-01-25 18:41:05","1212","96"
"2024-01-25 18:41:21","2024-01-25 18:41:21","1213","96"
"2024-01-25 18:41:40","2024-01-25 18:41:40","1214","96"
"2024-01-25 18:42:07","2024-01-25 18:42:07","1215","97"
"2024-01-25 18:42:22","2024-01-25 18:42:22","1216","97"
"2024-01-25 18:42:50","2024-01-25 18:42:50","1217","97"
"2024-01-25 18:43:10","2024-01-25 18:43:10","1218","97"
"2024-01-25 20:26:24","2024-01-25 20:26:24","1258","99"
"2024-01-26 13:44:37","2024-01-26 13:44:37","1283","77"
"2024-01-26 14:30:25","2024-01-26 14:30:25","1330","100"
"2024-01-26 14:30:51","2024-01-26 14:30:51","1331","100"
"2024-01-30 11:52:22","2024-01-30 11:52:22","1348","97"
"2024-02-05 23:01:13","2024-02-05 23:01:13","1350","102"
"2024-02-06 10:29:57","2024-02-06 10:29:57","1352","77"
"2024-02-07 19:35:18","2024-02-07 19:35:18","1453","106"
"2024-02-07 19:43:42","2024-02-07 19:43:42","1454","106"
"2024-02-07 19:45:37","2024-02-07 19:45:37","1455","107"
"2024-02-07 19:46:39","2024-02-07 19:46:39","1456","107"
"2024-02-07 19:48:35","2024-02-07 19:48:35","1457","107"
"2024-02-07 19:53:11","2024-02-07 19:53:11","1458","108"
"2024-02-07 19:54:27","2024-02-07 19:54:27","1459","108"
"2024-02-07 19:55:28","2024-02-07 19:55:28","1460","108"
"2024-02-07 19:56:04","2024-02-07 19:56:04","1461","108"
"2024-02-07 19:58:05","2024-02-07 19:58:05","1462","109"
"2024-02-07 19:59:10","2024-02-07 19:59:10","1463","110"
"2024-02-07 19:59:41","2024-02-07 19:59:41","1464","110"
"2024-02-07 20:00:00","2024-02-07 20:00:00","1465","110"
"2024-02-07 20:03:33","2024-02-07 20:03:33","1468","111"
"2024-02-07 20:04:50","2024-02-07 20:04:50","1469","111"
"2024-02-07 20:06:18","2024-02-07 20:06:18","1470","113"
"2024-02-07 20:06:33","2024-02-07 20:06:33","1471","113"
"2024-02-07 20:07:10","2024-02-07 20:07:10","1472","113"
"2024-02-07 20:09:30","2024-02-07 20:09:30","1473","113"
"2024-02-07 20:10:51","2024-02-07 20:10:51","1474","113"
"2024-02-07 20:11:08","2024-02-07 20:11:08","1475","113"
"2024-02-07 20:13:44","2024-02-07 20:13:44","1476","111"
"2024-02-07 20:14:59","2024-02-07 20:14:59","1477","111"
"2024-02-07 20:15:23","2024-02-07 20:15:23","1478","111"
"2024-02-07 20:16:11","2024-02-07 20:16:11","1479","111"
"2024-02-07 20:17:03","2024-02-07 20:17:03","1480","111"
"2024-02-07 20:19:27","2024-02-07 20:19:27","1481","111"
"2024-02-07 20:20:40","2024-02-07 20:20:40","1482","111"
"2024-02-07 20:21:28","2024-02-07 20:21:28","1483","111"
"2024-02-07 20:23:28","2024-02-07 20:23:28","1484","111"
"2024-02-07 20:24:41","2024-02-07 20:24:41","1485","111"
"2024-02-07 20:26:14","2024-02-07 20:26:14","1486","111"
"2024-02-07 20:27:41","2024-02-07 20:27:41","1487","111"
"2024-02-07 20:38:36","2024-02-07 20:38:36","1490","114"
"2024-02-07 20:39:08","2024-02-07 20:39:08","1491","114"
"2024-02-07 20:42:23","2024-02-07 20:42:23","1492","114"
"2024-02-07 20:43:17","2024-02-07 20:43:17","1493","114"
"2024-02-07 20:43:58","2024-02-07 20:43:58","1494","114"
"2024-02-07 20:44:43","2024-02-07 20:44:43","1495","114"
"2024-02-07 20:45:34","2024-02-07 20:45:34","1496","114"
"2024-02-07 20:46:44","2024-02-07 20:46:44","1497","114"
"2024-02-07 20:48:00","2024-02-07 20:48:00","1498","114"
"2024-02-07 20:48:29","2024-02-07 20:48:29","1499","114"
"2024-02-07 20:51:35","2024-02-07 20:51:35","1500","114"
"2024-02-07 20:53:05","2024-02-07 20:53:05","1501","114"
"2024-02-07 20:53:50","2024-02-07 20:53:50","1502","114"
"2024-02-07 20:55:14","2024-02-07 20:55:14","1503","114"
"2024-02-07 20:56:11","2024-02-07 20:56:11","1504","114"
"2024-02-07 20:59:39","2024-02-07 20:59:39","1505","114"
"2024-02-07 21:00:50","2024-02-07 21:00:50","1506","114"
"2024-02-07 21:03:02","2024-02-07 21:03:02","1507","114"
"2024-02-07 21:03:44","2024-02-07 21:03:44","1508","114"
"2024-02-07 21:04:50","2024-02-07 21:04:50","1509","114"
"2024-02-07 21:06:04","2024-02-07 21:06:04","1510","114"
"2024-02-07 21:07:15","2024-02-07 21:07:15","1511","114"
"2024-02-07 21:08:47","2024-02-07 21:08:47","1512","114"
"2024-02-07 21:09:54","2024-02-07 21:09:54","1513","114"
"2024-02-07 21:21:17","2024-02-07 21:21:17","1514","115"
"2024-02-07 21:28:26","2024-02-07 21:28:26","1518","115"
"2024-02-07 22:14:57","2024-02-07 22:14:57","1551","116"
"2024-02-14 11:52:17","2024-02-14 11:52:17","1570","118"
"2024-02-14 11:52:48","2024-02-14 11:52:48","1571","118"
"2024-02-14 11:53:37","2024-02-14 11:53:37","1572","118"
"2024-02-14 11:54:17","2024-02-14 11:54:17","1573","118"
"2024-02-14 11:54:49","2024-02-14 11:54:49","1574","118"
"2024-02-14 11:55:14","2024-02-14 11:55:14","1575","118"
"2024-02-14 11:55:41","2024-02-14 11:55:41","1576","118"
"2024-02-14 11:56:13","2024-02-14 11:56:13","1577","118"
"2024-02-16 11:55:20","2024-02-16 11:55:20","1578","5"
"2024-02-18 11:59:00","2024-02-18 11:59:00","1579","120"
"2024-02-18 12:03:34","2024-02-18 12:03:34","1586","121"
"2024-02-18 12:04:03","2024-02-18 12:04:03","1587","122"
"2024-02-19 19:13:42","2024-02-19 19:13:42","1597","124"
"2024-02-19 19:14:33","2024-02-19 19:14:33","1598","124"
"2024-02-21 16:24:54","2024-02-21 16:24:54","1599","126"
"2024-02-21 16:25:01","2024-02-21 16:25:01","1600","126"
"2024-02-21 16:25:09","2024-02-21 16:25:09","1601","126"
"2024-02-21 16:27:18","2024-02-21 16:27:18","1602","127"
"2024-02-21 16:27:53","2024-02-21 16:27:53","1603","127"
"2024-02-22 10:14:27","2024-02-22 10:14:27","1604","132"
"2024-02-22 10:14:41","2024-02-22 10:14:41","1605","132"
"2024-02-22 10:39:43","2024-02-22 10:39:43","1606","128"
"2024-02-22 10:49:54","2024-02-22 10:49:54","1607","128"
"2024-02-22 10:58:33","2024-02-22 10:58:33","1608","128"
"2024-02-22 11:02:55","2024-02-22 11:02:55","1609","128"
"2024-02-22 11:04:40","2024-02-22 11:04:40","1610","128"
"2024-02-22 11:12:39","2024-02-22 11:12:39","1611","128"
"2024-02-22 11:19:29","2024-02-22 11:19:29","1612","128"
"2024-02-23 11:15:40","2024-02-23 11:15:40","1630","130"
"2024-02-23 11:15:59","2024-02-23 11:15:59","1631","130"
"2024-02-23 11:16:51","2024-02-23 11:16:51","1632","130"
"2024-02-23 11:17:26","2024-02-23 11:17:26","1633","130"
"2024-02-23 11:17:50","2024-02-23 11:17:50","1634","130"
"2024-02-23 11:18:38","2024-02-23 11:18:38","1635","130"
"2024-02-23 11:19:33","2024-02-23 11:19:33","1636","130"
"2024-02-23 11:39:10","2024-02-23 11:39:10","1637","133"
"2024-02-23 11:39:25","2024-02-23 11:39:25","1638","134"
"2024-02-23 11:40:12","2024-02-23 11:40:12","1639","135"
"2024-02-23 11:40:35","2024-02-23 11:40:35","1640","135"
"2024-02-23 11:40:59","2024-02-23 11:40:59","1641","135"
"2024-02-23 11:41:15","2024-02-23 11:41:15","1642","136"
"2024-02-23 11:41:33","2024-02-23 11:41:33","1643","137"
"2024-02-23 11:41:49","2024-02-23 11:41:49","1644","138"
"2024-02-23 11:42:00","2024-02-23 11:42:00","1645","139"
"2024-02-23 11:42:20","2024-02-23 11:42:20","1646","140"
"2024-02-23 11:42:53","2024-02-23 11:42:53","1647","141"
"2024-02-23 11:43:07","2024-02-23 11:43:07","1648","142"
"2024-02-23 11:43:15","2024-02-23 11:43:15","1649","143"
"2024-02-23 15:10:39","2024-02-23 15:10:39","1660","131"
"2024-02-23 15:11:13","2024-02-23 15:11:13","1661","131"
"2024-02-23 15:12:00","2024-02-23 15:12:00","1662","131"
"2024-02-23 15:12:15","2024-02-23 15:12:15","1663","131"
"2024-02-23 15:12:50","2024-02-23 15:12:50","1664","131"
"2024-02-23 15:13:41","2024-02-23 15:13:41","1665","131"
"2024-02-23 16:30:59","2024-02-23 16:30:59","1672","150"
"2024-02-26 09:20:22","2024-02-26 09:20:22","1682","154"
"2024-02-26 09:20:22","2024-02-26 09:20:22","1683","155"
"2024-02-26 09:20:22","2024-02-26 09:20:22","1684","155"
"2024-02-26 09:31:20","2024-02-26 09:31:20","1689","158"
"2024-02-26 09:31:20","2024-02-26 09:31:20","1690","159"
"2024-02-26 09:31:20","2024-02-26 09:31:20","1691","159"
"2024-02-26 09:31:20","2024-02-26 09:31:20","1696","162"
"2024-02-26 09:31:20","2024-02-26 09:31:20","1697","163"
"2024-02-26 09:31:20","2024-02-26 09:31:20","1698","163"
"2024-02-26 15:05:19","2024-02-26 15:05:19","1703","166"
"2024-02-26 15:05:19","2024-02-26 15:05:19","1704","167"
"2024-02-26 15:05:19","2024-02-26 15:05:19","1705","167"
"2024-02-26 15:05:19","2024-02-26 15:05:19","1710","170"
"2024-02-26 15:05:19","2024-02-26 15:05:19","1711","171"
"2024-02-26 15:05:19","2024-02-26 15:05:19","1712","171"
"2024-02-26 15:07:14","2024-02-26 15:07:14","1717","174"
"2024-02-26 15:07:14","2024-02-26 15:07:14","1718","175"
"2024-02-26 15:07:14","2024-02-26 15:07:14","1719","175"
"2024-02-26 15:07:14","2024-02-26 15:07:14","1724","178"
"2024-02-26 15:07:14","2024-02-26 15:07:14","1725","179"
"2024-02-26 15:07:14","2024-02-26 15:07:14","1726","179"
"2024-02-26 15:08:12","2024-02-26 15:08:12","1731","182"
"2024-02-26 15:08:12","2024-02-26 15:08:12","1732","183"
"2024-02-26 15:08:12","2024-02-26 15:08:12","1733","183"
"2024-02-26 15:08:12","2024-02-26 15:08:12","1738","186"
"2024-02-26 15:08:12","2024-02-26 15:08:12","1739","187"
"2024-02-26 15:08:12","2024-02-26 15:08:12","1740","187"
"2024-02-26 18:41:00","2024-02-26 18:41:00","1741","120"
"2024-02-26 18:41:24","2024-02-26 18:41:24","1742","120"
"2024-02-26 18:41:40","2024-02-26 18:41:40","1743","120"
"2024-02-26 18:41:51","2024-02-26 18:41:51","1744","120"
"2024-02-26 18:42:00","2024-02-26 18:42:00","1745","120"
"2024-02-26 18:42:12","2024-02-26 18:42:12","1746","120"
"2024-02-26 18:42:24","2024-02-26 18:42:24","1747","120"
"2024-02-26 18:43:06","2024-02-26 18:43:06","1748","120"
"2024-02-26 19:05:55","2024-02-26 19:05:55","1787","122"
"2024-02-26 19:06:12","2024-02-26 19:06:12","1788","122"
"2024-02-26 19:06:21","2024-02-26 19:06:21","1789","122"
"2024-02-26 19:06:37","2024-02-26 19:06:37","1790","122"
"2024-02-26 19:07:36","2024-02-26 19:07:36","1791","122"
"2024-02-27 10:51:10","2024-02-27 10:51:10","1902","190"
"2024-02-27 10:51:10","2024-02-27 10:51:10","1903","191"
"2024-02-27 10:51:10","2024-02-27 10:51:10","1904","191"
"2024-02-27 10:51:10","2024-02-27 10:51:10","1909","194"
"2024-02-27 10:51:10","2024-02-27 10:51:10","1910","195"
"2024-02-27 10:51:10","2024-02-27 10:51:10","1911","195"
"2024-02-27 13:08:37","2024-02-27 13:08:37","1916","198"
"2024-02-27 13:08:37","2024-02-27 13:08:37","1917","199"
"2024-02-27 13:08:37","2024-02-27 13:08:37","1918","199"
"2024-02-27 13:08:37","2024-02-27 13:08:37","1923","202"
"2024-02-27 13:08:37","2024-02-27 13:08:37","1924","203"
"2024-02-27 13:08:37","2024-02-27 13:08:37","1925","203"
"2024-02-27 13:09:08","2024-02-27 13:09:08","1930","206"
"2024-02-27 13:09:08","2024-02-27 13:09:08","1931","207"
"2024-02-27 13:09:08","2024-02-27 13:09:08","1932","207"
"2024-02-27 13:09:08","2024-02-27 13:09:08","1937","210"
"2024-02-27 13:09:08","2024-02-27 13:09:08","1938","211"
"2024-02-27 13:09:08","2024-02-27 13:09:08","1939","211"
"2024-02-27 13:10:17","2024-02-27 13:10:17","1944","214"
"2024-02-27 13:10:17","2024-02-27 13:10:17","1945","215"
"2024-02-27 13:10:17","2024-02-27 13:10:17","1946","215"
"2024-02-27 13:10:17","2024-02-27 13:10:17","1951","218"
"2024-02-27 13:10:17","2024-02-27 13:10:17","1952","219"
"2024-02-27 13:10:17","2024-02-27 13:10:17","1953","219"
"2024-02-27 13:10:40","2024-02-27 13:10:40","1958","222"
"2024-02-27 13:10:40","2024-02-27 13:10:40","1959","223"
"2024-02-27 13:10:40","2024-02-27 13:10:40","1960","223"
"2024-02-27 13:10:41","2024-02-27 13:10:41","1965","226"
"2024-02-27 13:10:41","2024-02-27 13:10:41","1966","227"
"2024-02-27 13:10:41","2024-02-27 13:10:41","1967","227"
"2024-02-27 13:11:37","2024-02-27 13:11:37","1968","229"
"2024-02-27 13:13:18","2024-02-27 13:13:18","1973","231"
"2024-02-27 13:13:18","2024-02-27 13:13:18","1974","232"
"2024-02-27 13:13:18","2024-02-27 13:13:18","1975","232"
"2024-02-27 13:13:18","2024-02-27 13:13:18","1980","235"
"2024-02-27 13:13:18","2024-02-27 13:13:18","1981","236"
"2024-02-27 13:13:18","2024-02-27 13:13:18","1982","236"
"2024-02-27 13:13:36","2024-02-27 13:13:36","1987","239"
"2024-02-27 13:13:36","2024-02-27 13:13:36","1988","240"
"2024-02-27 13:13:36","2024-02-27 13:13:36","1989","240"
"2024-02-27 13:13:36","2024-02-27 13:13:36","1994","243"
"2024-02-27 13:13:36","2024-02-27 13:13:36","1995","244"
"2024-02-27 13:13:36","2024-02-27 13:13:36","1996","244"
"2024-02-27 13:36:58","2024-02-27 13:36:58","2001","247"
"2024-02-27 13:36:58","2024-02-27 13:36:58","2002","248"
"2024-02-27 13:36:58","2024-02-27 13:36:58","2003","248"
"2024-02-27 13:36:58","2024-02-27 13:36:58","2008","251"
"2024-02-27 13:36:58","2024-02-27 13:36:58","2009","252"
"2024-02-27 13:36:58","2024-02-27 13:36:58","2010","252"
"2024-02-27 13:37:14","2024-02-27 13:37:14","2015","255"
"2024-02-27 13:37:14","2024-02-27 13:37:14","2016","256"
"2024-02-27 13:37:14","2024-02-27 13:37:14","2017","256"
"2024-02-27 13:37:14","2024-02-27 13:37:14","2022","259"
"2024-02-27 13:37:14","2024-02-27 13:37:14","2023","260"
"2024-02-27 13:37:14","2024-02-27 13:37:14","2024","260"
"2024-02-27 13:37:53","2024-02-27 13:37:53","2029","263"
"2024-02-27 13:37:53","2024-02-27 13:37:53","2030","264"
"2024-02-27 13:37:53","2024-02-27 13:37:53","2031","264"
"2024-02-27 13:37:53","2024-02-27 13:37:53","2036","267"
"2024-02-27 13:37:53","2024-02-27 13:37:53","2037","268"
"2024-02-27 13:37:53","2024-02-27 13:37:53","2038","268"
"2024-02-27 13:40:41","2024-02-27 13:40:41","2043","271"
"2024-02-27 13:40:41","2024-02-27 13:40:41","2044","272"
"2024-02-27 13:40:41","2024-02-27 13:40:41","2045","272"
"2024-02-27 13:40:41","2024-02-27 13:40:41","2050","275"
"2024-02-27 13:40:41","2024-02-27 13:40:41","2051","276"
"2024-02-27 13:40:41","2024-02-27 13:40:41","2052","276"
"2024-02-27 13:41:07","2024-02-27 13:41:07","2057","279"
"2024-02-27 13:41:07","2024-02-27 13:41:07","2058","280"
"2024-02-27 13:41:07","2024-02-27 13:41:07","2059","280"
"2024-02-27 13:41:07","2024-02-27 13:41:07","2064","283"
"2024-02-27 13:41:07","2024-02-27 13:41:07","2065","284"
"2024-02-27 13:41:07","2024-02-27 13:41:07","2066","284"
"2024-02-27 13:41:45","2024-02-27 13:41:45","2071","287"
"2024-02-27 13:41:45","2024-02-27 13:41:45","2072","288"
"2024-02-27 13:41:45","2024-02-27 13:41:45","2073","288"
"2024-02-27 13:41:45","2024-02-27 13:41:45","2078","291"
"2024-02-27 13:41:45","2024-02-27 13:41:45","2079","292"
"2024-02-27 13:41:45","2024-02-27 13:41:45","2080","292"
"2024-02-27 13:42:07","2024-02-27 13:42:07","2085","295"
"2024-02-27 13:42:07","2024-02-27 13:42:07","2086","296"
"2024-02-27 13:42:07","2024-02-27 13:42:07","2087","296"
"2024-02-27 13:42:07","2024-02-27 13:42:07","2092","299"
"2024-02-27 13:42:07","2024-02-27 13:42:07","2093","300"
"2024-02-27 13:42:07","2024-02-27 13:42:07","2094","300"
"2024-02-27 13:42:31","2024-02-27 13:42:31","2099","303"
"2024-02-27 13:42:31","2024-02-27 13:42:31","2100","304"
"2024-02-27 13:42:31","2024-02-27 13:42:31","2101","304"
"2024-02-27 13:42:31","2024-02-27 13:42:31","2106","307"
"2024-02-27 13:42:31","2024-02-27 13:42:31","2107","308"
"2024-02-27 13:42:31","2024-02-27 13:42:31","2108","308"
"2024-02-27 22:46:08","2024-02-27 22:46:08","2153","310"
"2024-02-27 22:46:25","2024-02-27 22:46:25","2154","310"
"2024-02-27 22:46:49","2024-02-27 22:46:49","2155","310"
"2024-02-27 22:50:07","2024-02-27 22:50:07","2158","310"
"2024-02-27 22:53:54","2024-02-27 22:53:54","2163","312"
"2024-02-27 22:54:11","2024-02-27 22:54:11","2164","314"
"2024-02-28 10:38:25","2024-02-28 10:38:25","2172","316"
"2024-02-28 10:38:25","2024-02-28 10:38:25","2173","317"
"2024-02-28 10:38:25","2024-02-28 10:38:25","2174","317"
"2024-02-28 10:38:25","2024-02-28 10:38:25","2179","320"
"2024-02-28 10:38:25","2024-02-28 10:38:25","2180","321"
"2024-02-28 10:38:25","2024-02-28 10:38:25","2181","321"
"2024-03-01 23:30:41","2024-03-01 23:30:41","2222","312"
"2024-03-01 23:44:27","2024-03-01 23:44:27","2224","314"
"2024-03-01 23:44:41","2024-03-01 23:44:41","2225","314"
"2024-03-01 23:44:55","2024-03-01 23:44:55","2226","314"
"2024-03-03 11:19:23","2024-03-03 11:19:23","2267","131"
"2024-03-03 11:19:48","2024-03-03 11:19:48","2268","131"
"2024-03-06 15:19:15","2024-03-06 15:19:15","2401","329"
"2024-03-06 15:20:21","2024-03-06 15:20:21","2402","329"
"2024-03-06 15:24:00","2024-03-06 15:24:00","2403","329"
"2024-03-06 17:44:21","2024-03-06 17:44:21","2406","125"
"2024-03-06 17:44:55","2024-03-06 17:44:55","2407","330"
"2024-03-06 18:09:59","2024-03-06 18:09:59","2418","331"
"2024-03-06 18:17:34","2024-03-06 18:17:34","2420","332"
"2024-03-06 18:19:34","2024-03-06 18:19:34","2421","332"
"2024-03-06 18:32:21","2024-03-06 18:32:21","2422","333"
"2024-03-06 18:36:20","2024-03-06 18:36:20","2423","333"
"2024-03-06 18:40:02","2024-03-06 18:40:02","2424","334"
"2024-03-06 20:32:51","2024-03-06 20:32:51","2470","335"
"2024-03-06 20:32:51","2024-03-06 20:32:51","2471","335"
"2024-03-06 20:32:51","2024-03-06 20:32:51","2472","336"
"2024-03-06 20:32:51","2024-03-06 20:32:51","2473","336"
"2024-03-06 20:32:51","2024-03-06 20:32:51","2474","336"
"2024-03-06 20:32:51","2024-03-06 20:32:51","2475","336"
"2024-03-06 20:32:51","2024-03-06 20:32:51","2476","336"
"2024-03-06 20:32:51","2024-03-06 20:32:51","2477","336"
"2024-03-06 20:32:51","2024-03-06 20:32:51","2478","336"
"2024-03-06 20:32:51","2024-03-06 20:32:51","2479","336"
"2024-03-06 20:32:51","2024-03-06 20:32:51","2480","336"
"2024-03-06 20:32:51","2024-03-06 20:32:51","2481","336"
"2024-03-06 20:32:51","2024-03-06 20:32:51","2482","336"
"2024-03-06 20:32:51","2024-03-06 20:32:51","2483","336"
"2024-03-06 20:32:52","2024-03-06 20:32:52","2484","336"
"2024-03-06 20:32:52","2024-03-06 20:32:52","2485","336"
"2024-03-06 20:32:52","2024-03-06 20:32:52","2486","337"
"2024-03-06 20:32:52","2024-03-06 20:32:52","2487","337"
"2024-03-06 22:52:26","2024-03-06 22:52:26","2488","338"
"2024-03-06 22:52:46","2024-03-06 22:52:46","2489","338"
"2024-03-06 22:53:05","2024-03-06 22:53:05","2490","338"
"2024-03-06 22:53:24","2024-03-06 22:53:24","2491","338"
"2024-03-06 22:53:46","2024-03-06 22:53:46","2492","338"
"2024-03-06 22:54:01","2024-03-06 22:54:01","2493","338"
"2024-03-06 22:54:24","2024-03-06 22:54:24","2494","338"
"2024-03-06 22:54:45","2024-03-06 22:54:45","2495","338"
"2024-03-06 22:55:08","2024-03-06 22:55:08","2496","338"
"2024-03-06 22:55:17","2024-03-06 22:55:17","2497","338"
"2024-03-06 22:55:45","2024-03-06 22:55:45","2498","338"
"2024-03-06 22:56:18","2024-03-06 22:56:18","2499","338"
"2024-03-06 22:56:41","2024-03-06 22:56:41","2500","338"
"2024-03-06 22:57:07","2024-03-06 22:57:07","2501","338"
"2024-03-06 22:57:29","2024-03-06 22:57:29","2502","338"
"2024-03-06 22:59:48","2024-03-06 22:59:48","2503","338"
"2024-03-06 23:00:07","2024-03-06 23:00:07","2504","338"
"2024-03-06 23:01:45","2024-03-06 23:01:45","2505","338"
"2024-03-06 23:02:05","2024-03-06 23:02:05","2506","338"
"2024-03-06 23:02:33","2024-03-06 23:02:33","2507","338"
"2024-03-06 23:02:59","2024-03-06 23:02:59","2508","338"
"2024-03-06 23:03:14","2024-03-06 23:03:14","2509","338"
"2024-03-06 23:03:34","2024-03-06 23:03:34","2510","338"
"2024-03-06 23:03:56","2024-03-06 23:03:56","2511","338"
"2024-03-06 23:04:27","2024-03-06 23:04:27","2512","338"
"2024-03-06 23:04:56","2024-03-06 23:04:56","2513","338"
"2024-03-06 23:05:25","2024-03-06 23:05:25","2514","338"
"2024-03-06 23:05:47","2024-03-06 23:05:47","2515","338"
"2024-03-06 23:06:04","2024-03-06 23:06:04","2516","338"
"2024-03-06 23:06:33","2024-03-06 23:06:33","2517","338"
"2024-03-06 23:06:54","2024-03-06 23:06:54","2518","338"
"2024-03-06 23:07:26","2024-03-06 23:07:26","2519","338"
"2024-03-06 23:07:41","2024-03-06 23:07:41","2520","338"
"2024-03-06 23:08:04","2024-03-06 23:08:04","2521","338"
"2024-03-06 23:09:19","2024-03-06 23:09:19","2522","338"
"2024-03-06 23:09:40","2024-03-06 23:09:40","2523","338"
"2024-03-06 23:15:04","2024-03-06 23:15:04","2524","338"
"2024-03-06 23:15:23","2024-03-06 23:15:23","2525","338"
"2024-03-06 23:15:53","2024-03-06 23:15:53","2526","338"
"2024-03-06 23:16:23","2024-03-06 23:16:23","2527","338"
"2024-03-06 23:16:41","2024-03-06 23:16:41","2528","338"
"2024-03-06 23:17:08","2024-03-06 23:17:08","2529","338"
"2024-03-06 23:17:28","2024-03-06 23:17:28","2530","338"
"2024-03-06 23:18:01","2024-03-06 23:18:01","2531","338"
"2024-03-06 23:18:30","2024-03-06 23:18:30","2532","338"
"2024-03-06 23:18:43","2024-03-06 23:18:43","2533","338"
"2024-03-06 23:18:54","2024-03-06 23:18:54","2534","338"
"2024-03-06 23:19:11","2024-03-06 23:19:11","2535","338"
"2024-03-06 23:19:21","2024-03-06 23:19:21","2536","338"
"2024-03-06 23:19:33","2024-03-06 23:19:33","2537","338"
"2024-03-06 23:19:46","2024-03-06 23:19:46","2538","338"
"2024-03-06 23:19:59","2024-03-06 23:19:59","2539","338"
"2024-03-06 23:20:21","2024-03-06 23:20:21","2540","338"
"2024-03-06 23:20:37","2024-03-06 23:20:37","2541","338"
"2024-03-06 23:20:48","2024-03-06 23:20:48","2542","338"
"2024-03-06 23:21:02","2024-03-06 23:21:02","2543","338"
"2024-03-06 23:21:11","2024-03-06 23:21:11","2544","338"
"2024-03-06 23:21:22","2024-03-06 23:21:22","2545","338"
"2024-03-06 23:30:15","2024-03-06 23:30:15","2546","338"
"2024-03-06 23:31:15","2024-03-06 23:31:15","2547","338"
"2024-03-06 23:32:54","2024-03-06 23:32:54","2548","338"
"2024-03-07 18:46:02","2024-03-07 18:46:02","2549","333"
"2024-03-07 19:21:56","2024-03-07 19:21:56","2550","339"
"2024-03-07 19:23:35","2024-03-07 19:23:35","2551","339"
"2024-03-07 19:24:23","2024-03-07 19:24:23","2552","339"
"2024-03-07 19:24:47","2024-03-07 19:24:47","2553","339"
"2024-03-07 19:27:33","2024-03-07 19:27:33","2554","340"
"2024-03-07 19:29:16","2024-03-07 19:29:16","2555","340"
"2024-03-07 19:30:03","2024-03-07 19:30:03","2556","340"
"2024-03-07 19:30:42","2024-03-07 19:30:42","2557","340"
"2024-03-07 19:31:32","2024-03-07 19:31:32","2558","340"
"2024-03-07 19:32:40","2024-03-07 19:32:40","2559","340"
"2024-03-07 19:34:23","2024-03-07 19:34:23","2560","340"
"2024-03-07 19:34:58","2024-03-07 19:34:58","2561","340"
"2024-03-07 19:35:55","2024-03-07 19:35:55","2562","340"
"2024-03-07 19:36:37","2024-03-07 19:36:37","2563","340"
"2024-03-07 19:39:46","2024-03-07 19:39:46","2564","340"
"2024-03-07 19:40:26","2024-03-07 19:40:26","2565","340"
"2024-03-07 19:41:47","2024-03-07 19:41:47","2566","340"
"2024-03-07 19:43:11","2024-03-07 19:43:11","2567","341"
"2024-03-07 19:43:42","2024-03-07 19:43:42","2568","341"
"2024-03-07 19:44:58","2024-03-07 19:44:58","2569","341"
"2024-03-07 19:46:24","2024-03-07 19:46:24","2570","342"
"2024-03-07 19:47:26","2024-03-07 19:47:26","2571","342"
"2024-03-07 19:48:33","2024-03-07 19:48:33","2572","342"
"2024-03-07 19:49:40","2024-03-07 19:49:40","2573","343"
"2024-03-07 19:50:36","2024-03-07 19:50:36","2574","343"
"2024-03-07 20:14:52","2024-03-07 20:14:52","2575","344"
"2024-03-07 20:15:51","2024-03-07 20:15:51","2576","344"
"2024-03-07 20:16:12","2024-03-07 20:16:12","2577","344"
"2024-03-07 20:16:47","2024-03-07 20:16:47","2578","344"
"2024-03-07 20:17:02","2024-03-07 20:17:02","2579","344"
"2024-03-07 20:17:34","2024-03-07 20:17:34","2580","344"
"2024-03-07 20:17:55","2024-03-07 20:17:55","2581","338"
"2024-03-07 20:18:06","2024-03-07 20:18:06","2582","344"
"2024-03-07 20:18:52","2024-03-07 20:18:52","2583","344"
"2024-03-07 20:21:23","2024-03-07 20:21:23","2584","345"
"2024-03-07 20:23:06","2024-03-07 20:23:06","2587","338"
"2024-03-07 20:31:18","2024-03-07 20:31:18","2597","346"
"2024-03-08 07:45:20","2024-03-08 07:45:20","2599","347"
"2024-03-08 08:34:06","2024-03-08 08:34:06","2600","348"
"2024-03-08 11:08:00","2024-03-08 11:08:00","2601","338"
"2024-03-08 12:09:15","2024-03-08 12:09:15","2602","350"
"2024-03-08 12:09:33","2024-03-08 12:09:33","2603","350"
"2024-03-08 16:16:26","2024-03-08 16:16:26","2604","127"
"2024-03-12 10:58:56","2024-03-12 10:58:56","2680","351"
"2024-03-13 13:39:06","2024-03-13 13:39:06","2681","350"
"2024-03-13 18:03:10","2024-03-13 18:03:10","2682","88"
"2024-03-13 18:04:18","2024-03-13 18:04:18","2683","88"
"2024-03-13 18:04:47","2024-03-13 18:04:47","2684","88"
"2024-03-13 18:05:43","2024-03-13 18:05:43","2685","88"
"2024-03-13 18:08:32","2024-03-13 18:08:32","2686","88"
"2024-03-13 18:11:44","2024-03-13 18:11:44","2687","88"
"2024-03-13 18:12:47","2024-03-13 18:12:47","2688","88"
"2024-03-13 18:13:17","2024-03-13 18:13:17","2689","88"
"2024-03-13 18:13:41","2024-03-13 18:13:41","2690","88"
"2024-03-13 18:15:15","2024-03-13 18:15:15","2691","92"
"2024-03-13 18:15:45","2024-03-13 18:15:45","2692","92"
"2024-03-13 18:16:15","2024-03-13 18:16:15","2693","92"
"2024-03-13 18:18:29","2024-03-13 18:18:29","2694","92"
"2024-03-13 18:18:59","2024-03-13 18:18:59","2695","92"
"2024-03-13 18:21:12","2024-03-13 18:21:12","2696","352"
"2024-03-13 18:21:51","2024-03-13 18:21:51","2697","352"
"2024-03-13 18:22:23","2024-03-13 18:22:23","2698","352"
"2024-03-13 18:23:40","2024-03-13 18:23:40","2699","353"
"2024-03-13 18:24:01","2024-03-13 18:24:01","2700","353"
"2024-03-13 18:25:15","2024-03-13 18:25:15","2701","353"
"2024-03-13 18:25:37","2024-03-13 18:25:37","2702","353"
"2024-03-13 18:26:06","2024-03-13 18:26:06","2703","353"
"2024-03-13 18:29:02","2024-03-13 18:29:02","2704","354"
"2024-03-13 18:29:24","2024-03-13 18:29:24","2705","354"
"2024-03-13 18:30:09","2024-03-13 18:30:09","2706","354"
"2024-03-13 18:38:23","2024-03-13 18:38:23","2707","355"
"2024-03-13 18:39:26","2024-03-13 18:39:26","2708","355"
"2024-03-13 18:40:12","2024-03-13 18:40:12","2709","355"
"2024-03-13 18:41:43","2024-03-13 18:41:43","2710","91"
"2024-03-13 18:42:46","2024-03-13 18:42:46","2711","91"
"2024-03-13 18:44:16","2024-03-13 18:44:16","2712","91"
"2024-03-13 18:46:27","2024-03-13 18:46:27","2713","91"
"2024-03-13 18:47:13","2024-03-13 18:47:13","2714","91"
"2024-03-13 18:48:03","2024-03-13 18:48:03","2715","90"
"2024-03-13 18:49:08","2024-03-13 18:49:08","2716","90"
"2024-03-13 18:49:29","2024-03-13 18:49:29","2717","90"
"2024-03-13 18:51:19","2024-03-13 18:51:19","2718","90"
"2024-03-13 18:52:12","2024-03-13 18:52:12","2719","90"
"2024-03-13 18:52:40","2024-03-13 18:52:40","2720","90"
"2024-03-13 18:53:12","2024-03-13 18:53:12","2721","90"
"2024-03-13 18:53:32","2024-03-13 18:53:32","2722","90"
"2024-03-13 18:53:59","2024-03-13 18:53:59","2723","90"
"2024-03-13 18:55:11","2024-03-13 18:55:11","2724","356"
"2024-03-13 18:55:38","2024-03-13 18:55:38","2725","356"
"2024-03-13 18:56:15","2024-03-13 18:56:15","2726","356"
"2024-03-13 18:56:39","2024-03-13 18:56:39","2727","356"
"2024-03-13 18:57:12","2024-03-13 18:57:12","2728","356"
"2024-03-13 18:57:49","2024-03-13 18:57:49","2729","356"
"2024-03-13 18:59:13","2024-03-13 18:59:13","2730","356"
"2024-03-13 23:40:42","2024-03-13 23:40:42","2731","89"
"2024-03-13 23:41:33","2024-03-13 23:41:33","2732","89"
"2024-03-13 23:42:25","2024-03-13 23:42:25","2733","89"
"2024-03-16 19:47:46","2024-03-16 19:47:46","2739","338"
"2024-03-17 13:41:48","2024-03-17 13:41:48","2783","359"
"2024-03-17 13:42:05","2024-03-17 13:42:05","2784","359"
"2024-03-17 13:42:20","2024-03-17 13:42:20","2785","359"
"2024-03-17 13:42:36","2024-03-17 13:42:36","2786","359"
"2024-03-17 13:43:01","2024-03-17 13:43:01","2787","359"
"2024-03-17 13:44:06","2024-03-17 13:44:06","2788","360"
"2024-03-17 13:44:19","2024-03-17 13:44:19","2789","360"
"2024-03-17 13:44:40","2024-03-17 13:44:40","2790","360"
"2024-03-17 13:45:46","2024-03-17 13:45:46","2791","360"
"2024-03-17 13:46:08","2024-03-17 13:46:08","2792","360"
"2024-03-17 13:46:27","2024-03-17 13:46:27","2793","360"
"2024-03-17 13:47:05","2024-03-17 13:47:05","2794","360"
"2024-03-17 13:56:34","2024-03-17 13:56:34","2795","361"
"2024-03-18 13:52:22","2024-03-18 13:52:22","2819","365"
"2024-03-18 13:52:22","2024-03-18 13:52:22","2820","365"
"2024-03-18 13:52:22","2024-03-18 13:52:22","2821","366"
"2024-03-18 13:52:22","2024-03-18 13:52:22","2822","366"
"2024-03-18 13:52:22","2024-03-18 13:52:22","2823","366"
"2024-03-18 13:52:22","2024-03-18 13:52:22","2824","366"
"2024-03-18 13:52:22","2024-03-18 13:52:22","2825","367"
"2024-03-18 13:52:22","2024-03-18 13:52:22","2826","367"
"2024-03-18 13:52:22","2024-03-18 13:52:22","2827","368"
"2024-03-19 14:49:34","2024-03-19 14:49:34","2828","370"
"2024-03-19 14:58:07","2024-03-19 14:58:07","2829","372"
"2024-03-19 14:59:19","2024-03-19 14:59:19","2830","372"
"2024-03-19 15:00:09","2024-03-19 15:00:09","2831","370"
"2024-03-19 15:00:26","2024-03-19 15:00:26","2832","372"
"2024-03-19 15:01:13","2024-03-19 15:01:13","2833","373"
"2024-03-19 15:02:17","2024-03-19 15:02:17","2834","372"
"2024-03-19 15:04:03","2024-03-19 15:04:03","2835","372"
"2024-03-19 15:06:18","2024-03-19 15:06:18","2836","372"
"2024-03-19 15:07:36","2024-03-19 15:07:36","2837","372"
"2024-03-19 15:08:27","2024-03-19 15:08:27","2838","372"
"2024-03-19 15:09:26","2024-03-19 15:09:26","2839","372"
"2024-03-19 15:12:22","2024-03-19 15:12:22","2840","372"
"2024-03-19 15:12:57","2024-03-19 15:12:57","2841","374"
"2024-03-19 15:12:57","2024-03-19 15:12:57","2842","374"
"2024-03-19 15:12:57","2024-03-19 15:12:57","2843","376"
"2024-03-19 15:22:58","2024-03-19 15:22:58","2844","372"
"2024-03-19 15:28:43","2024-03-19 15:28:43","2845","372"
"2024-03-19 15:34:52","2024-03-19 15:34:52","2846","377"
"2024-03-19 15:36:32","2024-03-19 15:36:32","2847","377"
"2024-03-19 15:38:58","2024-03-19 15:38:58","2848","377"
"2024-03-19 15:39:39","2024-03-19 15:39:39","2849","377"
"2024-03-19 15:41:05","2024-03-19 15:41:05","2850","377"
"2024-03-19 15:42:02","2024-03-19 15:42:02","2851","377"
"2024-03-19 15:57:29","2024-03-19 15:57:29","2862","378"
"2024-03-19 15:58:30","2024-03-19 15:58:30","2863","378"
"2024-03-19 15:59:14","2024-03-19 15:59:14","2864","378"
"2024-03-19 16:00:20","2024-03-19 16:00:20","2865","378"
"2024-03-19 23:49:37","2024-03-19 23:49:37","2898","380"
"2024-03-19 23:49:51","2024-03-19 23:49:51","2899","381"
"2024-03-19 23:50:07","2024-03-19 23:50:07","2900","382"
"2024-03-19 23:50:38","2024-03-19 23:50:38","2901","383"
"2024-03-19 23:53:31","2024-03-19 23:53:31","2905","384"
"2024-03-19 23:56:31","2024-03-19 23:56:31","2906","384"
"2024-03-20 06:28:00","2024-03-20 06:28:00","2907","386"
"2024-03-20 14:55:39","2024-03-20 14:55:39","2911","387"
"2024-03-20 14:58:08","2024-03-20 14:58:08","2912","387"
"2024-03-20 15:09:45","2024-03-20 15:09:45","2913","388"
"2024-03-20 15:10:13","2024-03-20 15:10:13","2914","388"
"2024-03-20 15:10:51","2024-03-20 15:10:51","2915","388"
"2024-03-20 15:11:05","2024-03-20 15:11:05","2916","388"
"2024-03-20 15:11:23","2024-03-20 15:11:23","2917","388"
"2024-03-20 15:11:48","2024-03-20 15:11:48","2918","388"
"2024-03-20 15:12:18","2024-03-20 15:12:18","2919","388"
"2024-03-20 15:12:41","2024-03-20 15:12:41","2920","388"
"2024-03-20 15:13:09","2024-03-20 15:13:09","2921","388"
"2024-03-20 15:21:40","2024-03-20 15:21:40","2922","387"
"2024-03-20 15:22:42","2024-03-20 15:22:42","2923","387"
"2024-03-20 15:24:34","2024-03-20 15:24:34","2924","387"
"2024-03-20 15:25:00","2024-03-20 15:25:00","2925","387"
"2024-03-20 15:25:14","2024-03-20 15:25:14","2926","387"
"2024-03-20 15:30:31","2024-03-20 15:30:31","2927","390"
"2024-03-20 15:32:00","2024-03-20 15:32:00","2928","390"
"2024-03-20 15:34:04","2024-03-20 15:34:04","2929","390"
"2024-03-20 15:35:19","2024-03-20 15:35:19","2930","390"
"2024-03-20 15:45:08","2024-03-20 15:45:08","2933","389"
"2024-03-20 16:16:58","2024-03-20 16:16:58","2937","392"
"2024-03-20 16:17:35","2024-03-20 16:17:35","2938","392"
"2024-03-20 16:19:22","2024-03-20 16:19:22","2939","392"
"2024-03-20 16:21:04","2024-03-20 16:21:04","2940","392"
"2024-03-20 16:22:04","2024-03-20 16:22:04","2941","392"
"2024-03-20 16:23:18","2024-03-20 16:23:18","2942","392"
"2024-03-20 16:35:58","2024-03-20 16:35:58","2943","392"
"2024-03-20 16:38:34","2024-03-20 16:38:34","2944","392"
"2024-03-20 16:41:11","2024-03-20 16:41:11","2945","392"
"2024-03-20 16:45:13","2024-03-20 16:45:13","2946","389"
"2024-03-20 16:46:52","2024-03-20 16:46:52","2947","389"
"2024-03-20 16:47:00","2024-03-20 16:47:00","2948","392"
"2024-03-20 16:50:56","2024-03-20 16:50:56","2949","392"
"2024-03-20 16:54:45","2024-03-20 16:54:45","2950","392"
"2024-03-20 16:59:42","2024-03-20 16:59:42","2951","392"
"2024-03-20 17:00:19","2024-03-20 17:00:19","2952","392"
"2024-03-20 17:02:05","2024-03-20 17:02:05","2953","393"
"2024-03-20 17:04:35","2024-03-20 17:04:35","2954","393"
"2024-03-20 17:10:54","2024-03-20 17:10:54","2955","389"
"2024-03-20 17:11:16","2024-03-20 17:11:16","2956","389"
"2024-03-20 17:11:35","2024-03-20 17:11:35","2957","389"
"2024-03-20 17:12:08","2024-03-20 17:12:08","2958","389"
"2024-03-20 17:12:15","2024-03-20 17:12:15","2959","393"
"2024-03-20 17:12:30","2024-03-20 17:12:30","2960","389"
"2024-03-20 17:13:20","2024-03-20 17:13:20","2961","393"
"2024-03-20 17:14:07","2024-03-20 17:14:07","2962","393"
"2024-03-20 17:14:26","2024-03-20 17:14:26","2963","389"
"2024-03-20 17:14:46","2024-03-20 17:14:46","2964","389"
"2024-03-20 17:15:19","2024-03-20 17:15:19","2965","393"
"2024-03-20 17:15:55","2024-03-20 17:15:55","2966","389"
"2024-03-20 17:16:20","2024-03-20 17:16:20","2967","393"
"2024-03-20 17:16:58","2024-03-20 17:16:58","2968","400"
"2024-03-20 17:17:18","2024-03-20 17:17:18","2969","400"
"2024-03-20 17:17:34","2024-03-20 17:17:34","2970","400"
"2024-03-20 17:17:54","2024-03-20 17:17:54","2971","400"
"2024-03-20 17:18:09","2024-03-20 17:18:09","2972","400"
"2024-03-20 17:18:28","2024-03-20 17:18:28","2973","400"
"2024-03-20 17:19:03","2024-03-20 17:19:03","2974","400"
"2024-03-20 17:19:10","2024-03-20 17:19:10","2975","393"
"2024-03-20 17:19:22","2024-03-20 17:19:22","2976","400"
"2024-03-20 17:19:56","2024-03-20 17:19:56","2977","393"
"2024-03-20 17:20:24","2024-03-20 17:20:24","2978","401"
"2024-03-20 17:20:41","2024-03-20 17:20:41","2979","393"
"2024-03-20 17:20:46","2024-03-20 17:20:46","2980","401"
"2024-03-20 17:21:11","2024-03-20 17:21:11","2981","401"
"2024-03-20 17:23:50","2024-03-20 17:23:50","2982","401"
"2024-03-20 17:24:09","2024-03-20 17:24:09","2983","401"
"2024-03-20 17:24:28","2024-03-20 17:24:28","2984","401"
"2024-03-20 17:25:14","2024-03-20 17:25:14","2985","402"
"2024-03-20 17:25:36","2024-03-20 17:25:36","2986","402"
"2024-03-20 17:26:17","2024-03-20 17:26:17","2987","402"
"2024-03-20 17:26:39","2024-03-20 17:26:39","2988","402"
"2024-03-20 17:27:00","2024-03-20 17:27:00","2989","402"
"2024-03-20 17:27:18","2024-03-20 17:27:18","2990","402"
"2024-03-20 17:27:37","2024-03-20 17:27:37","2991","402"
"2024-03-20 17:28:06","2024-03-20 17:28:06","2992","402"
"2024-03-20 17:28:29","2024-03-20 17:28:29","2993","402"
"2024-03-20 17:28:48","2024-03-20 17:28:48","2994","402"
"2024-03-20 17:29:10","2024-03-20 17:29:10","2995","402"
"2024-03-20 17:29:26","2024-03-20 17:29:26","2996","402"
"2024-03-20 17:29:40","2024-03-20 17:29:40","2997","402"
"2024-03-20 17:29:54","2024-03-20 17:29:54","2998","402"
"2024-03-20 17:30:16","2024-03-20 17:30:16","2999","402"
"2024-03-20 17:30:41","2024-03-20 17:30:41","3000","402"
"2024-03-20 17:31:00","2024-03-20 17:31:00","3001","402"
"2024-03-20 17:31:31","2024-03-20 17:31:31","3002","402"
"2024-03-20 17:31:51","2024-03-20 17:31:51","3003","402"
"2024-03-20 17:32:09","2024-03-20 17:32:09","3004","402"
"2024-03-20 17:32:32","2024-03-20 17:32:32","3005","402"
"2024-03-20 17:32:59","2024-03-20 17:32:59","3006","402"
"2024-03-20 17:34:40","2024-03-20 17:34:40","3007","394"
"2024-03-20 17:35:27","2024-03-20 17:35:27","3008","394"
"2024-03-20 17:36:33","2024-03-20 17:36:33","3009","394"
"2024-03-20 17:36:51","2024-03-20 17:36:51","3010","362"
"2024-03-20 17:37:09","2024-03-20 17:37:09","3011","362"
"2024-03-20 17:37:24","2024-03-20 17:37:24","3012","362"
"2024-03-20 17:37:39","2024-03-20 17:37:39","3013","394"
"2024-03-20 17:37:47","2024-03-20 17:37:47","3014","362"
"2024-03-20 17:38:10","2024-03-20 17:38:10","3015","362"
"2024-03-20 17:38:16","2024-03-20 17:38:16","3016","394"
"2024-03-20 17:38:30","2024-03-20 17:38:30","3017","362"
"2024-03-20 17:38:46","2024-03-20 17:38:46","3018","362"
"2024-03-20 17:38:59","2024-03-20 17:38:59","3019","394"
"2024-03-20 17:39:11","2024-03-20 17:39:11","3020","362"
"2024-03-20 17:39:30","2024-03-20 17:39:30","3021","362"
"2024-03-20 17:39:56","2024-03-20 17:39:56","3022","362"
"2024-03-20 17:40:21","2024-03-20 17:40:21","3023","362"
"2024-03-20 17:40:46","2024-03-20 17:40:46","3024","362"
"2024-03-20 17:40:58","2024-03-20 17:40:58","3025","394"
"2024-03-20 17:41:19","2024-03-20 17:41:19","3026","403"
"2024-03-20 17:41:34","2024-03-20 17:41:34","3027","403"
"2024-03-20 17:41:48","2024-03-20 17:41:48","3028","403"
"2024-03-20 17:42:17","2024-03-20 17:42:17","3029","403"
"2024-03-20 17:42:20","2024-03-20 17:42:20","3030","394"
"2024-03-20 17:42:30","2024-03-20 17:42:30","3031","403"
"2024-03-20 17:42:47","2024-03-20 17:42:47","3032","403"
"2024-03-20 17:43:16","2024-03-20 17:43:16","3033","403"
"2024-03-20 17:43:24","2024-03-20 17:43:24","3034","394"
"2024-03-20 17:43:37","2024-03-20 17:43:37","3035","403"
"2024-03-20 17:43:50","2024-03-20 17:43:50","3036","403"
"2024-03-20 17:44:24","2024-03-20 17:44:24","3037","403"
"2024-03-20 17:44:41","2024-03-20 17:44:41","3038","403"
"2024-03-20 17:44:59","2024-03-20 17:44:59","3039","403"
"2024-03-20 17:45:27","2024-03-20 17:45:27","3040","361"
"2024-03-20 17:45:45","2024-03-20 17:45:45","3041","361"
"2024-03-20 17:46:18","2024-03-20 17:46:18","3042","361"
"2024-03-20 17:46:34","2024-03-20 17:46:34","3043","361"
"2024-03-20 17:47:02","2024-03-20 17:47:02","3044","361"
"2024-03-20 17:47:18","2024-03-20 17:47:18","3045","361"
"2024-03-20 17:47:35","2024-03-20 17:47:35","3046","361"
"2024-03-20 17:47:50","2024-03-20 17:47:50","3047","361"
"2024-03-20 17:49:06","2024-03-20 17:49:06","3048","361"
"2024-03-20 17:49:28","2024-03-20 17:49:28","3049","361"
"2024-03-20 17:50:30","2024-03-20 17:50:30","3050","394"
"2024-03-20 17:52:46","2024-03-20 17:52:46","3051","394"
"2024-03-20 17:56:00","2024-03-20 17:56:00","3052","361"
"2024-03-20 17:56:18","2024-03-20 17:56:18","3053","361"
"2024-03-20 17:56:31","2024-03-20 17:56:31","3054","361"
"2024-03-20 17:59:07","2024-03-20 17:59:07","3055","361"
"2024-03-20 18:02:55","2024-03-20 18:02:55","3056","361"
"2024-03-20 18:03:19","2024-03-20 18:03:19","3057","361"
"2024-03-20 18:03:44","2024-03-20 18:03:44","3058","361"
"2024-03-20 18:04:08","2024-03-20 18:04:08","3059","361"
"2024-03-20 18:04:36","2024-03-20 18:04:36","3060","361"
"2024-03-20 18:04:52","2024-03-20 18:04:52","3061","361"
"2024-03-21 09:44:09","2024-03-21 09:44:09","3062","394"
"2024-03-21 09:47:31","2024-03-21 09:47:31","3063","394"
"2024-03-21 09:49:29","2024-03-21 09:49:29","3064","394"
"2024-03-21 09:59:17","2024-03-21 09:59:17","3065","394"
"2024-03-21 10:11:10","2024-03-21 10:11:10","3066","394"
"2024-03-21 10:13:13","2024-03-21 10:13:13","3067","395"
"2024-03-21 10:14:11","2024-03-21 10:14:11","3068","395"
"2024-03-21 10:19:38","2024-03-21 10:19:38","3069","395"
"2024-03-21 10:20:34","2024-03-21 10:20:34","3070","395"
"2024-03-21 10:24:39","2024-03-21 10:24:39","3071","395"
"2024-03-21 10:27:36","2024-03-21 10:27:36","3072","395"
"2024-03-21 10:49:35","2024-03-21 10:49:35","3073","395"
"2024-03-21 10:54:44","2024-03-21 10:54:44","3074","395"
"2024-03-21 10:56:46","2024-03-21 10:56:46","3075","395"
"2024-03-21 11:04:56","2024-03-21 11:04:56","3076","395"
"2024-03-21 11:05:28","2024-03-21 11:05:28","3077","395"
"2024-03-21 11:14:33","2024-03-21 11:14:33","3078","395"
"2024-03-21 11:16:20","2024-03-21 11:16:20","3079","395"
"2024-03-21 15:54:22","2024-03-21 15:54:22","3080","395"
"2024-03-21 18:27:03","2024-03-21 18:27:03","3081","404"
"2024-03-21 18:27:58","2024-03-21 18:27:58","3082","404"
"2024-03-22 11:56:29","2024-03-22 11:56:29","3083","395"
"2024-03-22 11:58:18","2024-03-22 11:58:18","3084","395"
"2024-03-22 12:00:56","2024-03-22 12:00:56","3085","395"
"2024-03-22 12:03:29","2024-03-22 12:03:29","3086","395"
"2024-03-22 12:04:20","2024-03-22 12:04:20","3087","395"
"2024-03-22 12:06:05","2024-03-22 12:06:05","3088","396"
"2024-03-22 12:08:51","2024-03-22 12:08:51","3089","396"
"2024-03-22 12:11:02","2024-03-22 12:11:02","3090","396"
"2024-03-22 12:13:30","2024-03-22 12:13:30","3091","396"
"2024-03-22 12:15:00","2024-03-22 12:15:00","3092","396"
"2024-03-22 12:18:45","2024-03-22 12:18:45","3093","396"
"2024-03-22 12:20:23","2024-03-22 12:20:23","3094","397"
"2024-03-22 12:21:23","2024-03-22 12:21:23","3095","397"
"2024-03-22 12:24:02","2024-03-22 12:24:02","3096","397"
"2024-03-22 12:25:22","2024-03-22 12:25:22","3097","397"
"2024-03-22 12:26:52","2024-03-22 12:26:52","3098","397"
"2024-03-22 12:27:56","2024-03-22 12:27:56","3099","397"
"2024-03-22 12:30:09","2024-03-22 12:30:09","3100","398"
"2024-03-22 12:31:41","2024-03-22 12:31:41","3101","398"
"2024-03-22 12:33:57","2024-03-22 12:33:57","3102","398"
"2024-03-22 12:36:11","2024-03-22 12:36:11","3103","398"
"2024-03-22 12:37:41","2024-03-22 12:37:41","3104","398"
"2024-03-22 12:39:09","2024-03-22 12:39:09","3105","398"
"2024-03-22 12:40:29","2024-03-22 12:40:29","3106","398"
"2024-03-22 12:42:18","2024-03-22 12:42:18","3107","398"
"2024-03-22 12:44:00","2024-03-22 12:44:00","3108","398"
"2024-03-22 12:46:06","2024-03-22 12:46:06","3109","398"
"2024-03-22 12:48:08","2024-03-22 12:48:08","3110","399"
"2024-03-22 12:51:21","2024-03-22 12:51:21","3111","399"
"2024-03-22 12:52:49","2024-03-22 12:52:49","3112","399"
"2024-03-22 12:53:31","2024-03-22 12:53:31","3113","399"
"2024-03-22 12:53:55","2024-03-22 12:53:55","3114","399"
"2024-03-22 12:54:29","2024-03-22 12:54:29","3115","399"
"2024-03-22 12:55:56","2024-03-22 12:55:56","3116","399"
"2024-03-22 12:59:54","2024-03-22 12:59:54","3117","405"
"2024-03-22 12:59:54","2024-03-22 12:59:54","3118","405"
"2024-03-22 12:59:54","2024-03-22 12:59:54","3119","405"
"2024-03-22 12:59:54","2024-03-22 12:59:54","3120","405"
"2024-03-22 12:59:54","2024-03-22 12:59:54","3121","405"
"2024-03-22 12:59:54","2024-03-22 12:59:54","3122","405"
"2024-03-22 12:59:54","2024-03-22 12:59:54","3123","405"
"2024-03-22 12:59:54","2024-03-22 12:59:54","3124","405"
"2024-03-22 12:59:54","2024-03-22 12:59:54","3125","405"
"2024-03-22 12:59:54","2024-03-22 12:59:54","3126","405"
"2024-03-22 12:59:54","2024-03-22 12:59:54","3127","405"
"2024-03-22 12:59:54","2024-03-22 12:59:54","3128","405"
"2024-03-22 12:59:54","2024-03-22 12:59:54","3129","405"
"2024-03-22 12:59:54","2024-03-22 12:59:54","3130","405"
"2024-03-22 12:59:54","2024-03-22 12:59:54","3131","406"
"2024-03-22 12:59:54","2024-03-22 12:59:54","3132","406"
"2024-03-22 12:59:54","2024-03-22 12:59:54","3133","406"
"2024-03-22 12:59:54","2024-03-22 12:59:54","3134","406"
"2024-03-22 12:59:54","2024-03-22 12:59:54","3135","406"
"2024-03-22 12:59:54","2024-03-22 12:59:54","3136","406"
"2024-03-22 12:59:54","2024-03-22 12:59:54","3137","406"
"2024-03-22 12:59:54","2024-03-22 12:59:54","3138","406"
"2024-03-22 12:59:54","2024-03-22 12:59:54","3139","406"
"2024-03-22 12:59:54","2024-03-22 12:59:54","3140","406"
"2024-03-22 12:59:54","2024-03-22 12:59:54","3141","407"
"2024-03-22 12:59:54","2024-03-22 12:59:54","3142","407"
"2024-03-22 12:59:54","2024-03-22 12:59:54","3143","407"
"2024-03-22 12:59:54","2024-03-22 12:59:54","3144","407"
"2024-03-22 12:59:54","2024-03-22 12:59:54","3145","407"
"2024-03-22 12:59:54","2024-03-22 12:59:54","3146","407"
"2024-03-22 12:59:54","2024-03-22 12:59:54","3147","407"
"2024-03-22 12:59:54","2024-03-22 12:59:54","3148","407"
"2024-03-22 12:59:54","2024-03-22 12:59:54","3149","407"
"2024-03-22 12:59:54","2024-03-22 12:59:54","3150","407"
"2024-03-22 12:59:54","2024-03-22 12:59:54","3151","407"
"2024-03-22 12:59:54","2024-03-22 12:59:54","3152","407"
"2024-03-22 12:59:54","2024-03-22 12:59:54","3153","407"
"2024-03-22 12:59:54","2024-03-22 12:59:54","3154","407"
"2024-03-22 12:59:54","2024-03-22 12:59:54","3155","407"
"2024-03-22 12:59:54","2024-03-22 12:59:54","3156","407"
"2024-03-22 12:59:54","2024-03-22 12:59:54","3157","408"
"2024-03-22 12:59:54","2024-03-22 12:59:54","3158","408"
"2024-03-22 12:59:54","2024-03-22 12:59:54","3159","408"
"2024-03-22 12:59:54","2024-03-22 12:59:54","3160","408"
"2024-03-22 12:59:54","2024-03-22 12:59:54","3161","408"
"2024-03-22 12:59:54","2024-03-22 12:59:54","3162","408"
"2024-03-22 12:59:54","2024-03-22 12:59:54","3163","408"
"2024-03-22 12:59:54","2024-03-22 12:59:54","3164","408"
"2024-03-22 12:59:54","2024-03-22 12:59:54","3165","408"
"2024-03-22 12:59:54","2024-03-22 12:59:54","3166","408"
"2024-03-22 12:59:54","2024-03-22 12:59:54","3167","408"
"2024-03-22 12:59:54","2024-03-22 12:59:54","3168","408"
"2024-03-22 12:59:54","2024-03-22 12:59:54","3169","408"
"2024-03-22 12:59:54","2024-03-22 12:59:54","3170","408"
"2024-03-22 12:59:54","2024-03-22 12:59:54","3171","408"
"2024-03-22 12:59:54","2024-03-22 12:59:54","3172","408"
"2024-03-22 12:59:54","2024-03-22 12:59:54","3173","408"
"2024-03-22 12:59:54","2024-03-22 12:59:54","3174","408"
"2024-03-22 12:59:54","2024-03-22 12:59:54","3175","408"
"2024-03-22 12:59:54","2024-03-22 12:59:54","3176","409"
"2024-03-22 12:59:54","2024-03-22 12:59:54","3177","409"
"2024-03-22 12:59:55","2024-03-22 12:59:55","3178","409"
"2024-03-22 12:59:55","2024-03-22 12:59:55","3179","409"
"2024-03-22 12:59:55","2024-03-22 12:59:55","3180","409"
"2024-03-22 12:59:55","2024-03-22 12:59:55","3181","409"
"2024-03-22 12:59:55","2024-03-22 12:59:55","3182","410"
"2024-03-22 12:59:55","2024-03-22 12:59:55","3183","410"
"2024-03-22 12:59:55","2024-03-22 12:59:55","3184","410"
"2024-03-22 12:59:55","2024-03-22 12:59:55","3185","410"
"2024-03-22 12:59:55","2024-03-22 12:59:55","3186","410"
"2024-03-22 12:59:55","2024-03-22 12:59:55","3187","410"
"2024-03-22 12:59:55","2024-03-22 12:59:55","3188","411"
"2024-03-22 12:59:55","2024-03-22 12:59:55","3189","411"
"2024-03-22 12:59:55","2024-03-22 12:59:55","3190","411"
"2024-03-22 12:59:55","2024-03-22 12:59:55","3191","411"
"2024-03-22 12:59:55","2024-03-22 12:59:55","3192","411"
"2024-03-22 12:59:55","2024-03-22 12:59:55","3193","411"
"2024-03-22 12:59:55","2024-03-22 12:59:55","3194","411"
"2024-03-22 12:59:55","2024-03-22 12:59:55","3195","411"
"2024-03-22 12:59:55","2024-03-22 12:59:55","3196","411"
"2024-03-22 12:59:55","2024-03-22 12:59:55","3197","411"
"2024-03-22 12:59:55","2024-03-22 12:59:55","3198","412"
"2024-03-22 12:59:55","2024-03-22 12:59:55","3199","412"
"2024-03-22 12:59:55","2024-03-22 12:59:55","3200","412"
"2024-03-22 12:59:55","2024-03-22 12:59:55","3201","412"
"2024-03-22 12:59:55","2024-03-22 12:59:55","3202","412"
"2024-03-22 12:59:55","2024-03-22 12:59:55","3203","412"
"2024-03-22 12:59:55","2024-03-22 12:59:55","3204","412"
"2024-03-22 13:08:39","2024-03-22 13:08:39","3205","406"
"2024-03-22 13:09:48","2024-03-22 13:09:48","3206","393"
"2024-03-22 13:22:07","2024-03-22 13:22:07","3207","394"
"2024-03-22 13:50:19","2024-03-22 13:50:19","3208","387"
"2024-03-23 19:58:27","2024-03-23 19:58:27","3209","361"
"2024-03-24 15:10:31","2024-03-24 15:10:31","3210","380"
"2024-03-24 15:10:41","2024-03-24 15:10:41","3211","380"
"2024-03-24 15:11:01","2024-03-24 15:11:01","3212","380"
"2024-03-24 15:11:08","2024-03-24 15:11:08","3213","380"
"2024-03-24 15:11:18","2024-03-24 15:11:18","3214","380"
"2024-03-24 15:11:28","2024-03-24 15:11:28","3215","380"
"2024-03-24 15:11:41","2024-03-24 15:11:41","3216","380"
"2024-03-24 15:11:49","2024-03-24 15:11:49","3217","380"
"2024-03-24 15:12:00","2024-03-24 15:12:00","3218","380"
"2024-03-24 15:12:13","2024-03-24 15:12:13","3219","380"
"2024-03-24 15:12:31","2024-03-24 15:12:31","3220","380"
"2024-03-24 15:12:41","2024-03-24 15:12:41","3221","381"
"2024-03-24 15:12:49","2024-03-24 15:12:49","3222","381"
"2024-03-24 15:13:00","2024-03-24 15:13:00","3223","382"
"2024-03-24 15:13:19","2024-03-24 15:13:19","3224","382"
"2024-03-24 15:13:28","2024-03-24 15:13:28","3225","382"
"2024-03-24 15:13:45","2024-03-24 15:13:45","3226","382"
"2024-03-24 15:17:15","2024-03-24 15:17:15","3227","383"
"2024-03-24 15:17:36","2024-03-24 15:17:36","3228","383"
"2024-03-24 15:17:47","2024-03-24 15:17:47","3229","383"
"2024-03-24 15:18:23","2024-03-24 15:18:23","3230","383"
"2024-03-24 16:19:50","2024-03-24 16:19:50","3309","384"
"2024-03-24 16:20:40","2024-03-24 16:20:40","3310","384"
"2024-03-24 16:20:55","2024-03-24 16:20:55","3311","384"
"2024-03-24 16:21:07","2024-03-24 16:21:07","3312","384"
"2024-03-24 16:21:32","2024-03-24 16:21:32","3313","384"
"2024-03-25 16:10:54","2024-03-25 16:10:54","3387","411"
"2024-03-25 16:12:26","2024-03-25 16:12:26","3388","411"
"2024-03-25 17:57:51","2024-03-25 17:57:51","3396","384"
"2024-03-25 17:58:15","2024-03-25 17:58:15","3397","384"
"2024-03-25 17:58:39","2024-03-25 17:58:39","3398","384"
"2024-03-25 17:59:11","2024-03-25 17:59:11","3399","384"
"2024-03-25 17:59:33","2024-03-25 17:59:33","3400","384"
"2024-03-25 18:00:04","2024-03-25 18:00:04","3401","384"
"2024-03-25 18:18:53","2024-03-25 18:18:53","3402","413"
"2024-03-26 10:18:16","2024-03-26 10:18:16","3403","413"
"2024-03-26 10:21:25","2024-03-26 10:21:25","3404","413"
"2024-03-26 10:51:08","2024-03-26 10:51:08","3405","127"
"2024-03-27 18:05:26","2024-03-27 18:05:26","3410","415"
"2024-03-27 18:05:26","2024-03-27 18:05:26","3411","416"
"2024-03-27 18:05:26","2024-03-27 18:05:26","3412","416"
"2024-03-27 18:05:26","2024-03-27 18:05:26","3413","417"
"2024-03-27 18:05:26","2024-03-27 18:05:26","3418","419"
"2024-03-27 18:05:26","2024-03-27 18:05:26","3419","420"
"2024-03-27 18:05:26","2024-03-27 18:05:26","3420","420"
"2024-03-27 18:05:26","2024-03-27 18:05:26","3421","422"
"2024-03-27 18:05:26","2024-03-27 18:05:26","3422","423"
"2024-03-27 18:05:26","2024-03-27 18:05:26","3423","424"
"2024-03-27 18:05:26","2024-03-27 18:05:26","3424","424"
"2024-03-27 18:05:26","2024-03-27 18:05:26","3425","425"
"2024-03-27 18:05:26","2024-03-27 18:05:26","3426","425"
"2024-03-27 18:05:26","2024-03-27 18:05:26","3427","425"
"2024-03-27 18:05:26","2024-03-27 18:05:26","3429","426"
"2024-03-27 18:05:26","2024-03-27 18:05:26","3431","427"
"2024-03-27 18:05:26","2024-03-27 18:05:26","3432","428"
"2024-03-27 18:05:26","2024-03-27 18:05:26","3433","430"
"2024-03-27 18:05:26","2024-03-27 18:05:26","3434","430"
"2024-03-27 18:05:26","2024-03-27 18:05:26","3435","430"
"2024-03-28 18:31:49","2024-03-28 18:31:49","3505","496"
"2024-03-28 18:31:49","2024-03-28 18:31:49","3507","497"
"2024-03-28 18:31:49","2024-03-28 18:31:49","3509","499"
"2024-03-28 18:31:49","2024-03-28 18:31:49","3510","499"
"2024-03-28 18:45:43","2024-03-28 18:45:43","3511","500"
"2024-03-28 18:45:54","2024-03-28 18:45:54","3512","500"
"2024-03-28 18:46:05","2024-03-28 18:46:05","3513","501"
"2024-03-28 18:46:21","2024-03-28 18:46:21","3514","501"
"2024-03-28 18:46:33","2024-03-28 18:46:33","3515","501"
"2024-03-28 18:47:15","2024-03-28 18:47:15","3516","501"
"2024-03-28 18:47:29","2024-03-28 18:47:29","3517","501"
"2024-03-28 18:47:41","2024-03-28 18:47:41","3518","501"
"2024-03-28 18:47:59","2024-03-28 18:47:59","3519","501"
"2024-03-28 18:48:22","2024-03-28 18:48:22","3520","501"
"2024-03-28 18:48:40","2024-03-28 18:48:40","3521","501"
"2024-03-28 18:48:56","2024-03-28 18:48:56","3522","501"
"2024-03-28 18:49:08","2024-03-28 18:49:08","3523","501"
"2024-03-28 18:49:46","2024-03-28 18:49:46","3524","501"
"2024-03-28 18:52:55","2024-03-28 18:52:55","3538","506"
"2024-03-28 18:52:56","2024-03-28 18:52:56","3540","508"
"2024-03-28 18:52:56","2024-03-28 18:52:56","3541","508"
"2024-03-28 18:53:16","2024-03-28 18:53:16","3543","502"
"2024-03-28 18:53:31","2024-03-28 18:53:31","3544","502"
"2024-03-28 18:56:45","2024-03-28 18:56:45","3552","502"
"2024-03-28 18:57:14","2024-03-28 18:57:14","3553","502"
"2024-03-28 18:59:23","2024-03-28 18:59:23","3556","503"
"2024-03-28 18:59:54","2024-03-28 18:59:54","3557","502"
"2024-03-28 19:00:15","2024-03-28 19:00:15","3558","503"
"2024-03-28 19:00:40","2024-03-28 19:00:40","3559","503"
"2024-03-28 19:01:06","2024-03-28 19:01:06","3560","503"
"2024-03-28 19:01:21","2024-03-28 19:01:21","3561","503"
"2024-03-28 19:01:36","2024-03-28 19:01:36","3562","503"
"2024-03-28 19:01:56","2024-03-28 19:01:56","3563","503"
"2024-03-28 19:02:13","2024-03-28 19:02:13","3564","503"
"2024-03-28 19:03:15","2024-03-28 19:03:15","3570","506"
"2024-03-28 19:03:15","2024-03-28 19:03:15","3572","508"
"2024-03-28 19:03:15","2024-03-28 19:03:15","3573","508"
"2024-03-28 19:03:15","2024-03-28 19:03:15","3574","503"
"2024-03-28 19:03:37","2024-03-28 19:03:37","3575","503"
"2024-03-28 19:03:56","2024-03-28 19:03:56","3576","503"
"2024-03-28 19:04:22","2024-03-28 19:04:22","3577","503"
"2024-03-28 19:04:40","2024-03-28 19:04:40","3578","503"
"2024-03-28 19:05:12","2024-03-28 19:05:12","3584","511"
"2024-03-28 19:05:12","2024-03-28 19:05:12","3586","513"
"2024-03-28 19:05:12","2024-03-28 19:05:12","3587","513"
"2024-03-28 19:05:29","2024-03-28 19:05:29","3588","503"
"2024-03-28 19:05:44","2024-03-28 19:05:44","3589","503"
"2024-03-28 19:05:56","2024-03-28 19:05:56","3590","503"
"2024-03-28 19:06:16","2024-03-28 19:06:16","3591","503"
"2024-03-29 05:33:43","2024-03-29 05:33:43","3629","485"
"2024-03-29 05:33:43","2024-03-29 05:33:43","3630","485"
"2024-03-29 05:35:07","2024-03-29 05:35:07","3638","485"
"2024-03-29 05:35:07","2024-03-29 05:35:07","3639","485"
"2024-03-29 06:06:03","2024-03-29 06:06:03","3653","518"
"2024-03-29 06:06:03","2024-03-29 06:06:03","3654","518"
"2024-03-29 06:23:41","2024-03-29 06:23:41","3674","523"
"2024-03-29 06:23:41","2024-03-29 06:23:41","3675","523"
"2024-03-29 08:10:29","2024-03-29 08:10:29","3687","528"
"2024-03-29 08:10:29","2024-03-29 08:10:29","3688","528"
"2024-03-29 09:46:14","2024-03-29 09:46:14","3699","534"
"2024-03-29 09:46:14","2024-03-29 09:46:14","3700","534"
"2024-03-30 14:56:47","2024-03-30 14:56:47","3708","539"
"2024-03-30 14:56:47","2024-03-30 14:56:47","3709","539"
"2024-03-30 14:57:54","2024-03-30 14:57:54","3717","544"
"2024-03-30 14:57:54","2024-03-30 14:57:54","3718","544"
"2024-03-30 15:00:27","2024-03-30 15:00:27","3726","549"
"2024-03-30 15:00:27","2024-03-30 15:00:27","3727","549"
"2024-03-30 15:59:43","2024-03-30 15:59:43","3745","551"
"2024-03-30 15:59:43","2024-03-30 15:59:43","3746","551"
"2024-03-30 15:59:43","2024-03-30 15:59:43","3760","553"
"2024-03-30 15:59:43","2024-03-30 15:59:43","3761","554"
"2024-03-30 15:59:43","2024-03-30 15:59:43","3762","554"
"2024-03-30 15:59:43","2024-03-30 15:59:43","3763","555"
"2024-03-30 15:59:43","2024-03-30 15:59:43","3764","555"
"2024-03-30 15:59:43","2024-03-30 15:59:43","3765","555"
"2024-03-30 15:59:43","2024-03-30 15:59:43","3766","556"
"2024-03-30 15:59:43","2024-03-30 15:59:43","3767","556"
"2024-03-30 15:59:43","2024-03-30 15:59:43","3768","556"
"2024-03-30 15:59:43","2024-03-30 15:59:43","3769","556"
"2024-04-03 08:22:19","2024-04-03 08:22:19","3777","561"
"2024-04-03 08:22:19","2024-04-03 08:22:19","3778","561"
"2024-04-03 08:25:08","2024-04-03 08:25:08","3785","566"
"2024-04-03 08:25:08","2024-04-03 08:25:08","3786","566"
"2024-04-03 19:23:46","2024-04-03 19:23:46","3790","568"
"2024-04-03 19:24:07","2024-04-03 19:24:07","3791","568"
"2024-04-03 19:25:11","2024-04-03 19:25:11","3792","568"
"2024-04-03 19:25:38","2024-04-03 19:25:38","3793","568"
"2024-04-03 19:25:58","2024-04-03 19:25:58","3794","568"
"2024-04-03 19:26:26","2024-04-03 19:26:26","3795","568"
"2024-04-03 19:26:54","2024-04-03 19:26:54","3796","568"
"2024-04-03 19:27:13","2024-04-03 19:27:13","3797","568"
"2024-04-03 19:35:43","2024-04-03 19:35:43","3798","568"
"2024-04-03 19:39:06","2024-04-03 19:39:06","3800","569"
"2024-04-03 19:42:58","2024-04-03 19:42:58","3801","569"
"2024-04-03 19:43:25","2024-04-03 19:43:25","3802","569"
"2024-04-03 19:43:57","2024-04-03 19:43:57","3803","569"
"2024-04-03 19:44:31","2024-04-03 19:44:31","3804","570"
"2024-04-03 19:44:49","2024-04-03 19:44:49","3805","568"
"2024-04-03 19:45:11","2024-04-03 19:45:11","3806","570"
"2024-04-03 19:45:34","2024-04-03 19:45:34","3807","570"
"2024-04-03 19:47:32","2024-04-03 19:47:32","3808","569"
"2024-04-03 19:47:53","2024-04-03 19:47:53","3809","568"
"2024-04-03 19:48:08","2024-04-03 19:48:08","3810","568"
"2024-04-03 19:48:39","2024-04-03 19:48:39","3811","568"
"2024-04-03 19:49:03","2024-04-03 19:49:03","3812","569"
"2024-04-03 19:49:19","2024-04-03 19:49:19","3813","568"
"2024-04-03 19:49:48","2024-04-03 19:49:48","3814","568"
"2024-04-03 19:50:22","2024-04-03 19:50:22","3815","568"
"2024-04-03 19:50:51","2024-04-03 19:50:51","3816","569"
"2024-04-03 19:51:07","2024-04-03 19:51:07","3817","568"
"2024-04-03 19:51:34","2024-04-03 19:51:34","3818","568"
"2024-04-03 19:51:48","2024-04-03 19:51:48","3819","568"
"2024-04-03 19:52:00","2024-04-03 19:52:00","3820","568"
"2024-04-03 19:52:26","2024-04-03 19:52:26","3821","568"
"2024-04-03 19:52:47","2024-04-03 19:52:47","3822","569"
"2024-04-03 19:53:07","2024-04-03 19:53:07","3823","568"
"2024-04-03 19:53:30","2024-04-03 19:53:30","3824","568"
"2024-04-03 19:53:50","2024-04-03 19:53:50","3825","569"
"2024-04-03 19:55:11","2024-04-03 19:55:11","3826","568"
"2024-04-03 19:55:34","2024-04-03 19:55:34","3827","569"
"2024-04-03 19:55:52","2024-04-03 19:55:52","3828","568"
"2024-04-03 19:56:02","2024-04-03 19:56:02","3829","568"
"2024-04-03 19:56:21","2024-04-03 19:56:21","3830","568"
"2024-04-03 19:56:37","2024-04-03 19:56:37","3831","568"
"2024-04-03 19:57:06","2024-04-03 19:57:06","3832","569"
"2024-04-03 19:57:29","2024-04-03 19:57:29","3833","568"
"2024-04-03 19:57:41","2024-04-03 19:57:41","3834","568"
"2024-04-03 19:57:55","2024-04-03 19:57:55","3835","568"
"2024-04-03 19:58:20","2024-04-03 19:58:20","3836","569"
"2024-04-03 19:59:09","2024-04-03 19:59:09","3837","568"
"2024-04-03 19:59:24","2024-04-03 19:59:24","3838","568"
"2024-04-03 19:59:41","2024-04-03 19:59:41","3839","568"
"2024-04-03 20:00:17","2024-04-03 20:00:17","3840","569"
"2024-04-03 20:02:57","2024-04-03 20:02:57","3841","568"
"2024-04-03 20:03:09","2024-04-03 20:03:09","3842","568"
"2024-04-03 20:03:29","2024-04-03 20:03:29","3843","568"
"2024-04-03 20:03:36","2024-04-03 20:03:36","3844","568"
"2024-04-03 20:04:14","2024-04-03 20:04:14","3845","569"
"2024-04-03 20:04:43","2024-04-03 20:04:43","3846","568"
"2024-04-03 20:04:55","2024-04-03 20:04:55","3847","568"
"2024-04-03 20:05:13","2024-04-03 20:05:13","3848","568"
"2024-04-03 20:05:27","2024-04-03 20:05:27","3849","568"
"2024-04-03 20:05:50","2024-04-03 20:05:50","3850","569"
"2024-04-03 20:07:06","2024-04-03 20:07:06","3851","568"
"2024-04-03 20:07:31","2024-04-03 20:07:31","3852","569"
"2024-04-03 20:07:45","2024-04-03 20:07:45","3853","568"
"2024-04-03 20:07:58","2024-04-03 20:07:58","3854","568"
"2024-04-03 20:08:50","2024-04-03 20:08:50","3855","568"
"2024-04-03 20:09:07","2024-04-03 20:09:07","3856","568"
"2024-04-03 20:09:34","2024-04-03 20:09:34","3857","569"
"2024-04-03 20:10:07","2024-04-03 20:10:07","3858","568"
"2024-04-03 20:10:19","2024-04-03 20:10:19","3859","568"
"2024-04-03 20:10:31","2024-04-03 20:10:31","3860","568"
"2024-04-03 20:10:56","2024-04-03 20:10:56","3861","569"
"2024-04-03 20:11:48","2024-04-03 20:11:48","3862","568"
"2024-04-03 20:12:09","2024-04-03 20:12:09","3863","568"
"2024-04-03 20:12:23","2024-04-03 20:12:23","3864","568"
"2024-04-03 20:12:35","2024-04-03 20:12:35","3865","568"
"2024-04-03 20:12:47","2024-04-03 20:12:47","3866","568"
"2024-04-03 20:13:05","2024-04-03 20:13:05","3867","568"
"2024-04-03 20:14:00","2024-04-03 20:14:00","3868","568"
"2024-04-03 20:14:15","2024-04-03 20:14:15","3869","568"
"2024-04-03 20:14:54","2024-04-03 20:14:54","3870","568"
"2024-04-03 20:15:20","2024-04-03 20:15:20","3871","568"
"2024-04-04 10:36:56","2024-04-04 10:36:56","3878","576"
"2024-04-04 10:36:56","2024-04-04 10:36:56","3879","576"
"2024-04-04 13:07:45","2024-04-04 13:07:45","4061","584"
"2024-04-04 13:07:45","2024-04-04 13:07:45","4062","584"
"2024-04-04 15:16:12","2024-04-04 15:16:12","4067","586"
"2024-04-04 15:16:21","2024-04-04 15:16:21","4068","586"
"2024-04-04 15:16:30","2024-04-04 15:16:30","4069","586"
"2024-04-04 15:16:45","2024-04-04 15:16:45","4070","590"
"2024-04-04 15:16:58","2024-04-04 15:16:58","4071","589"
"2024-04-04 15:17:11","2024-04-04 15:17:11","4072","588"
"2024-04-04 15:26:29","2024-04-04 15:26:29","4073","591"
"2024-04-05 11:26:48","2024-04-05 11:26:48","4080","610"
"2024-04-05 11:26:48","2024-04-05 11:26:48","4081","610"
"2024-04-05 11:28:38","2024-04-05 11:28:38","4090","616"
"2024-04-05 11:28:38","2024-04-05 11:28:38","4091","616"
"2024-04-05 12:24:50","2024-04-05 12:24:50","4100","622"
"2024-04-05 12:24:50","2024-04-05 12:24:50","4101","622"
"2024-04-10 08:21:20","2024-04-10 08:21:20","4104","127"
"2024-04-10 08:46:57","2024-04-10 08:46:57","4111","628"
"2024-04-10 08:46:57","2024-04-10 08:46:57","4112","628"
"2024-04-12 11:20:48","2024-04-12 11:20:48","4115","630"
"2024-04-12 11:27:28","2024-04-12 11:27:28","4116","630"
"2024-04-12 11:28:00","2024-04-12 11:28:00","4117","630"
"2024-04-12 11:28:29","2024-04-12 11:28:29","4118","630"
"2024-04-12 11:29:00","2024-04-12 11:29:00","4119","630"
"2024-04-12 11:29:23","2024-04-12 11:29:23","4120","630"
"2024-04-12 14:49:44","2024-04-12 14:49:44","4121","631"
"2024-04-12 14:50:08","2024-04-12 14:50:08","4122","631"
"2024-04-12 14:50:33","2024-04-12 14:50:33","4123","631"
"2024-04-12 14:51:03","2024-04-12 14:51:03","4124","631"
"2024-04-12 14:51:41","2024-04-12 14:51:41","4125","631"
"2024-04-12 14:52:31","2024-04-12 14:52:31","4126","631"
"2024-04-12 14:53:08","2024-04-12 14:53:08","4127","631"
"2024-04-12 14:56:53","2024-04-12 14:56:53","4128","631"
"2024-04-12 14:57:20","2024-04-12 14:57:20","4129","631"
"2024-04-12 14:58:29","2024-04-12 14:58:29","4130","631"
"2024-04-12 14:59:06","2024-04-12 14:59:06","4131","631"
"2024-04-12 15:00:01","2024-04-12 15:00:01","4132","632"
"2024-04-12 15:00:20","2024-04-12 15:00:20","4133","632"
"2024-04-12 15:00:50","2024-04-12 15:00:50","4134","632"
"2024-04-12 15:01:22","2024-04-12 15:01:22","4135","633"
"2024-04-12 15:02:03","2024-04-12 15:02:03","4136","633"
"2024-04-12 15:02:40","2024-04-12 15:02:40","4137","633"
"2024-04-12 15:03:31","2024-04-12 15:03:31","4138","633"
"2024-04-12 15:06:04","2024-04-12 15:06:04","4139","634"
"2024-04-12 15:14:59","2024-04-12 15:14:59","4148","633"
"2024-04-12 15:15:43","2024-04-12 15:15:43","4149","635"
"2024-04-12 15:16:14","2024-04-12 15:16:14","4150","635"
"2024-04-12 15:16:41","2024-04-12 15:16:41","4151","635"
"2024-04-12 15:17:04","2024-04-12 15:17:04","4152","635"
"2024-04-12 15:20:09","2024-04-12 15:20:09","4153","641"
"2024-04-12 15:21:58","2024-04-12 15:21:58","4154","641"
"2024-04-12 15:22:44","2024-04-12 15:22:44","4155","641"
"2024-04-12 15:23:00","2024-04-12 15:23:00","4156","636"
"2024-04-12 15:23:38","2024-04-12 15:23:38","4157","636"
"2024-04-12 15:24:20","2024-04-12 15:24:20","4158","636"
"2024-04-12 15:24:37","2024-04-12 15:24:37","4159","636"
"2024-04-12 15:25:23","2024-04-12 15:25:23","4160","637"
"2024-04-12 15:25:40","2024-04-12 15:25:40","4161","637"
"2024-04-12 15:26:41","2024-04-12 15:26:41","4162","637"
"2024-04-12 15:27:24","2024-04-12 15:27:24","4163","637"
"2024-04-12 15:27:52","2024-04-12 15:27:52","4164","637"
"2024-04-12 15:28:20","2024-04-12 15:28:20","4165","638"
"2024-04-12 15:28:37","2024-04-12 15:28:37","4166","638"
"2024-04-12 15:28:52","2024-04-12 15:28:52","4167","638"
"2024-04-12 15:29:10","2024-04-12 15:29:10","4168","637"
"2024-04-12 15:29:37","2024-04-12 15:29:37","4169","638"
"2024-04-12 15:30:04","2024-04-12 15:30:04","4170","638"
"2024-04-12 15:30:47","2024-04-12 15:30:47","4171","638"
"2024-04-12 15:31:06","2024-04-12 15:31:06","4172","638"
"2024-04-12 15:31:27","2024-04-12 15:31:27","4173","638"
"2024-04-12 15:33:07","2024-04-12 15:33:07","4174","638"
"2024-04-12 15:35:53","2024-04-12 15:35:53","4178","639"
"2024-04-12 15:36:20","2024-04-12 15:36:20","4179","639"
"2024-04-12 15:36:37","2024-04-12 15:36:37","4180","639"
"2024-04-12 15:36:54","2024-04-12 15:36:54","4181","639"
"2024-04-12 15:37:10","2024-04-12 15:37:10","4182","639"
"2024-04-12 15:37:23","2024-04-12 15:37:23","4183","639"
"2024-04-12 15:37:44","2024-04-12 15:37:44","4184","639"
"2024-04-12 15:38:00","2024-04-12 15:38:00","4185","639"
"2024-04-12 15:38:16","2024-04-12 15:38:16","4186","639"
"2024-04-12 15:38:32","2024-04-12 15:38:32","4187","639"
"2024-04-12 15:38:49","2024-04-12 15:38:49","4188","639"
"2024-04-13 04:31:32","2024-04-13 04:31:32","4286","651"
"2024-04-13 04:31:32","2024-04-13 04:31:32","4454","654"
"2024-04-13 04:31:32","2024-04-13 04:31:32","4455","654"
"2024-04-14 12:50:20","2024-04-14 12:50:20","4498","656"
"2024-04-14 12:50:20","2024-04-14 12:50:20","4499","656"
"2024-04-14 12:50:20","2024-04-14 12:50:20","4500","656"
"2024-04-14 12:50:20","2024-04-14 12:50:20","4501","656"
"2024-04-14 12:50:20","2024-04-14 12:50:20","4502","656"
"2024-04-14 12:50:20","2024-04-14 12:50:20","4503","656"
"2024-04-14 12:50:20","2024-04-14 12:50:20","4504","657"
"2024-04-14 12:50:20","2024-04-14 12:50:20","4505","657"
"2024-04-14 12:50:20","2024-04-14 12:50:20","4506","657"
"2024-04-14 12:50:20","2024-04-14 12:50:20","4507","657"
"2024-04-14 12:50:20","2024-04-14 12:50:20","4508","657"
"2024-04-14 12:50:20","2024-04-14 12:50:20","4509","657"
"2024-04-14 12:50:20","2024-04-14 12:50:20","4510","657"
"2024-04-14 12:50:20","2024-04-14 12:50:20","4511","657"
"2024-04-14 12:50:20","2024-04-14 12:50:20","4512","657"
"2024-04-14 12:50:20","2024-04-14 12:50:20","4513","657"
"2024-04-14 12:50:20","2024-04-14 12:50:20","4514","657"
"2024-04-14 12:50:20","2024-04-14 12:50:20","4515","658"
"2024-04-14 12:50:20","2024-04-14 12:50:20","4516","658"
"2024-04-14 12:50:20","2024-04-14 12:50:20","4517","658"
"2024-04-14 12:50:20","2024-04-14 12:50:20","4518","659"
"2024-04-14 12:50:20","2024-04-14 12:50:20","4519","659"
"2024-04-14 12:50:20","2024-04-14 12:50:20","4520","659"
"2024-04-14 12:50:20","2024-04-14 12:50:20","4521","659"
"2024-04-14 12:50:20","2024-04-14 12:50:20","4522","659"
"2024-04-14 12:50:20","2024-04-14 12:50:20","4531","660"
"2024-04-14 12:50:20","2024-04-14 12:50:20","4532","661"
"2024-04-14 12:50:20","2024-04-14 12:50:20","4533","661"
"2024-04-14 12:50:20","2024-04-14 12:50:20","4534","661"
"2024-04-14 12:50:20","2024-04-14 12:50:20","4535","661"
"2024-04-14 12:50:20","2024-04-14 12:50:20","4536","662"
"2024-04-14 12:50:20","2024-04-14 12:50:20","4537","662"
"2024-04-14 12:50:20","2024-04-14 12:50:20","4538","662"
"2024-04-14 12:50:20","2024-04-14 12:50:20","4539","662"
"2024-04-14 12:50:21","2024-04-14 12:50:21","4540","663"
"2024-04-14 12:50:21","2024-04-14 12:50:21","4541","663"
"2024-04-14 12:50:21","2024-04-14 12:50:21","4542","663"
"2024-04-14 12:50:21","2024-04-14 12:50:21","4543","663"
"2024-04-14 12:50:21","2024-04-14 12:50:21","4544","663"
"2024-04-14 12:50:21","2024-04-14 12:50:21","4545","663"
"2024-04-14 12:50:21","2024-04-14 12:50:21","4549","664"
"2024-04-14 12:50:21","2024-04-14 12:50:21","4550","664"
"2024-04-14 12:50:21","2024-04-14 12:50:21","4551","664"
"2024-04-14 12:50:21","2024-04-14 12:50:21","4552","664"
"2024-04-14 12:50:21","2024-04-14 12:50:21","4553","664"
"2024-04-14 12:50:21","2024-04-14 12:50:21","4554","664"
"2024-04-14 12:50:21","2024-04-14 12:50:21","4555","664"
"2024-04-14 12:50:21","2024-04-14 12:50:21","4556","664"
"2024-04-14 12:50:21","2024-04-14 12:50:21","4557","664"
"2024-04-14 12:50:21","2024-04-14 12:50:21","4558","665"
"2024-04-14 12:50:21","2024-04-14 12:50:21","4559","665"
"2024-04-14 12:50:21","2024-04-14 12:50:21","4560","665"
"2024-04-14 12:50:21","2024-04-14 12:50:21","4561","665"
"2024-04-14 12:50:21","2024-04-14 12:50:21","4562","665"
"2024-04-14 12:50:21","2024-04-14 12:50:21","4563","665"
"2024-04-14 12:50:21","2024-04-14 12:50:21","4564","665"
"2024-04-14 12:50:21","2024-04-14 12:50:21","4565","665"
"2024-04-14 12:50:21","2024-04-14 12:50:21","4566","665"
"2024-04-14 12:50:21","2024-04-14 12:50:21","4567","665"
"2024-04-14 12:50:21","2024-04-14 12:50:21","4568","665"
"2024-04-14 12:50:21","2024-04-14 12:50:21","4569","667"
"2024-04-14 12:50:21","2024-04-14 12:50:21","4570","667"
"2024-04-14 12:50:21","2024-04-14 12:50:21","4571","667"
"2024-04-17 06:03:25","2024-04-17 06:03:25","4572","668"
"2024-04-17 06:04:47","2024-04-17 06:04:47","4573","668"
"2024-04-17 06:06:09","2024-04-17 06:06:09","4574","668"
"2024-04-17 16:54:21","2024-04-17 16:54:21","4575","659"
"2024-04-17 16:54:49","2024-04-17 16:54:49","4576","659"
"2024-04-25 05:39:13","2024-04-25 05:39:13","4577","676"
"2024-04-25 05:39:13","2024-04-25 05:39:13","4578","676"
"2024-04-26 15:47:08","2024-04-26 15:47:08","4754","679"
"2024-04-26 15:47:08","2024-04-26 15:47:08","4755","679"
"2024-04-26 15:47:08","2024-04-26 15:47:08","4756","679"
"2024-04-26 15:47:08","2024-04-26 15:47:08","4757","679"
"2024-04-26 15:47:08","2024-04-26 15:47:08","4758","679"
"2024-04-26 15:47:08","2024-04-26 15:47:08","4759","679"
"2024-04-26 15:47:08","2024-04-26 15:47:08","4760","679"
"2024-04-26 15:47:08","2024-04-26 15:47:08","4761","680"
"2024-04-26 15:47:08","2024-04-26 15:47:08","4762","680"
"2024-04-26 15:47:08","2024-04-26 15:47:08","4763","680"
"2024-04-26 15:47:08","2024-04-26 15:47:08","4764","680"
"2024-04-26 15:47:08","2024-04-26 15:47:08","4765","680"
"2024-04-26 15:47:08","2024-04-26 15:47:08","4766","681"
"2024-04-26 15:47:08","2024-04-26 15:47:08","4767","681"
"2024-04-26 15:47:08","2024-04-26 15:47:08","4768","681"
"2024-04-26 15:47:08","2024-04-26 15:47:08","4769","681"
"2024-04-26 15:47:08","2024-04-26 15:47:08","4770","681"
"2024-04-26 15:47:08","2024-04-26 15:47:08","4771","681"
"2024-04-26 15:47:09","2024-04-26 15:47:09","4772","682"
"2024-04-26 15:47:09","2024-04-26 15:47:09","4773","682"
"2024-04-26 15:47:09","2024-04-26 15:47:09","4774","682"
"2024-04-26 15:47:09","2024-04-26 15:47:09","4775","682"
"2024-04-26 15:47:09","2024-04-26 15:47:09","4776","682"
"2024-04-26 15:47:09","2024-04-26 15:47:09","4777","682"
"2024-04-26 15:47:09","2024-04-26 15:47:09","4778","682"
"2024-04-26 15:47:09","2024-04-26 15:47:09","4779","682"
"2024-04-26 15:47:09","2024-04-26 15:47:09","4780","682"
"2024-04-26 15:47:09","2024-04-26 15:47:09","4781","683"
"2024-04-26 15:47:09","2024-04-26 15:47:09","4782","683"
"2024-04-26 15:47:09","2024-04-26 15:47:09","4783","683"
"2024-04-26 15:47:09","2024-04-26 15:47:09","4784","683"
"2024-04-26 15:47:09","2024-04-26 15:47:09","4872","685"
"2024-04-26 15:47:09","2024-04-26 15:47:09","4873","685"
"2024-04-26 15:48:55","2024-04-26 15:48:55","4889","79"
"2024-04-26 15:50:28","2024-04-26 15:50:28","4890","79"
"2024-04-27 11:02:06","2024-04-27 11:02:06","4891","13"
"2024-04-27 11:09:47","2024-04-27 11:09:47","4892","13"
"2024-04-29 15:11:10","2024-04-29 15:11:10","4893","687"
"2024-04-29 15:13:02","2024-04-29 15:13:02","4894","687"
"2024-04-29 15:14:26","2024-04-29 15:14:26","4895","687"
"2024-04-29 15:16:50","2024-04-29 15:16:50","4896","687"
"2024-04-29 15:18:46","2024-04-29 15:18:46","4897","687"
"2024-04-29 15:26:55","2024-04-29 15:26:55","4898","687"
"2024-04-29 15:28:46","2024-04-29 15:28:46","4899","687"
"2024-04-29 15:35:26","2024-04-29 15:35:26","4900","687"
"2024-04-29 15:36:27","2024-04-29 15:36:27","4901","687"
"2024-04-29 15:37:49","2024-04-29 15:37:49","4902","688"
"2024-04-29 15:39:23","2024-04-29 15:39:23","4903","688"
"2024-04-29 15:40:30","2024-04-29 15:40:30","4904","688"
"2024-04-29 15:41:37","2024-04-29 15:41:37","4905","688"
"2024-04-29 15:42:57","2024-04-29 15:42:57","4906","688"
"2024-04-29 15:46:29","2024-04-29 15:46:29","4907","688"
"2024-04-29 15:47:28","2024-04-29 15:47:28","4908","688"
"2024-04-29 15:49:36","2024-04-29 15:49:36","4909","688"
"2024-04-29 15:51:34","2024-04-29 15:51:34","4910","689"
"2024-04-29 15:52:45","2024-04-29 15:52:45","4911","689"
"2024-04-29 15:54:31","2024-04-29 15:54:31","4912","689"
"2024-04-29 16:01:14","2024-04-29 16:01:14","4913","689"
"2024-04-29 16:03:27","2024-04-29 16:03:27","4914","689"
"2024-04-29 16:40:48","2024-04-29 16:40:48","4915","689"
"2024-04-30 10:01:44","2024-04-30 10:01:44","4916","689"
"2024-05-02 15:30:20","2024-05-02 15:30:20","4921","689"
"2024-05-02 15:34:18","2024-05-02 15:34:18","4922","689"
"2024-05-02 15:35:23","2024-05-02 15:35:23","4923","689"
"2024-05-02 15:38:40","2024-05-02 15:38:40","4924","690"
"2024-05-02 15:41:34","2024-05-02 15:41:34","4925","690"
"2024-05-02 15:44:11","2024-05-02 15:44:11","4926","690"
"2024-05-02 15:51:13","2024-05-02 15:51:13","4927","690"
"2024-05-02 15:53:31","2024-05-02 15:53:31","4928","690"
"2024-05-02 16:02:31","2024-05-02 16:02:31","4929","690"
"2024-05-02 16:18:12","2024-05-02 16:18:12","4930","690"
"2024-05-03 12:19:17","2024-05-03 12:19:17","4937","445"
"2024-05-03 12:19:17","2024-05-03 12:19:17","4938","445"
